StationName,Latitude,Longitude,Elevation,Year,Month,Day,MaxTemp,AvgBareSoilTemp,MaxWindSpeed
Ada,47.3211,-96.5139,910,2016,8,1,82.878,78.191,20.431
Ada,47.3211,-96.5139,910,2016,8,8,80.857,74.836,20.324
Ada,47.3211,-96.5139,910,2016,8,15,78.841,72.752,19.327
Ada,47.3211,-96.5139,910,2016,8,22,78.684,70.079,31.498
Ada,47.3211,-96.5139,910,2016,8,29,78.106,70.202,20.997
Ada,47.3211,-96.5139,910,2016,9,5,72.881,65.066,18.998
Ada,47.3211,-96.5139,910,2016,9,12,68.049,60.6,19.534
Ada,47.3211,-96.5139,910,2016,9,19,71.446,60.697,23.852
Ada,47.3211,-96.5139,910,2016,9,26,67.936,56.985,21.642
Ada,47.3211,-96.5139,910,2016,10,3,58.087,51.697,25.527
Ada,47.3211,-96.5139,910,2016,10,10,59.551,49.255,23.926
Ada,47.3211,-96.5139,910,2016,10,17,52.925,45.819,18.052
Ada,47.3211,-96.5139,910,2016,10,24,51.859,46.182,21.531
Ada,47.3211,-96.5139,910,2016,10,31,63.158,47.357,19.317
Ada,47.3211,-96.5139,910,2016,11,7,58.298,45.202,23.603
Ada,47.3211,-96.5139,910,2016,11,14,43.233,39.606,26.198
Baker,48.167,-99.648,1680,2016,8,1,79.782,75.438,21.635
Baker,48.167,-99.648,1680,2016,8,8,77.491,72.562,21.773
Baker,48.167,-99.648,1680,2016,8,15,76.547,71.564,18.012
Baker,48.167,-99.648,1680,2016,8,22,76.409,69.208,21.281
Baker,48.167,-99.648,1680,2016,8,29,77.743,69.527,21.729
Baker,48.167,-99.648,1680,2016,9,5,68.993,61.002,18.841
Baker,48.167,-99.648,1680,2016,9,12,65.915,58.368,20.813
Baker,48.167,-99.648,1680,2016,9,19,67.293,58.672,24.699
Baker,48.167,-99.648,1680,2016,9,26,68.933,56.007,21.941
Baker,48.167,-99.648,1680,2016,10,3,54.684,49.024,27.677
Baker,48.167,-99.648,1680,2016,10,10,51.888,45.097,26.614
Baker,48.167,-99.648,1680,2016,10,17,51.851,44.617,23.468
Baker,48.167,-99.648,1680,2016,10,24,50.526,43.905,23.519
Baker,48.167,-99.648,1680,2016,10,31,58.845,44.315,18.604
Baker,48.167,-99.648,1680,2016,11,7,58.077,43.177,25.399
Baker,48.167,-99.648,1680,2016,11,14,41.198,37.142,24.387
Beach,46.789,-103.966,2932,2016,8,1,83.92,74.296,26.574
Beach,46.789,-103.966,2932,2016,8,8,83.951,72.578,27.235
Beach,46.789,-103.966,2932,2016,8,15,81.101,70.433,21.029
Beach,46.789,-103.966,2932,2016,8,22,79.559,67.967,24.502
Beach,46.789,-103.966,2932,2016,8,29,82.439,68.919,25.784
Beach,46.789,-103.966,2932,2016,9,5,69.993,58.543,23.717
Beach,46.789,-103.966,2932,2016,9,12,67.079,57.764,23.824
Beach,46.789,-103.966,2932,2016,9,19,62.981,57.002,27.52
Beach,46.789,-103.966,2932,2016,9,26,74.277,56.528,18.576
Beach,46.789,-103.966,2932,2016,10,3,53.879,47.997,29.036
Beach,46.789,-103.966,2932,2016,10,10,56.635,45.126,23.862
Beach,46.789,-103.966,2932,2016,10,17,55.571,44.399,21.545
Beach,46.789,-103.966,2932,2016,10,24,58.574,46.526,18.277
Beach,46.789,-103.966,2932,2016,10,31,65.171,44.5,21.772
Beach,46.789,-103.966,2932,2016,11,7,61.067,41.748,19.957
Beach,46.789,-103.966,2932,2016,11,14,45.977,38.818,22.707
Berthold,48.38,-101.822,2132,2016,8,1,84.118,76.872,19.939
Berthold,48.38,-101.822,2132,2016,8,8,82.755,75.666,21.562
Berthold,48.38,-101.822,2132,2016,8,15,81.719,74.238,17.988
Berthold,48.38,-101.822,2132,2016,8,22,81.289,72.081,22.254
Berthold,48.38,-101.822,2132,2016,8,29,78.995,70.53,23.926
Berthold,48.38,-101.822,2132,2016,9,5,69.047,59.446,18.913
Berthold,48.38,-101.822,2132,2016,9,12,68.381,58.908,22.454
Berthold,48.38,-101.822,2132,2016,9,19,65.552,57.44,21.657
Berthold,48.38,-101.822,2132,2016,9,26,70.412,57.225,18.96
Berthold,48.38,-101.822,2132,2016,10,3,51.423,47.786,26.019
Berthold,48.38,-101.822,2132,2016,10,10,53.196,44.604,23.659
Berthold,48.38,-101.822,2132,2016,10,17,52.686,45.204,19.746
Berthold,48.38,-101.822,2132,2016,10,24,54.541,45.434,20.737
Berthold,48.38,-101.822,2132,2016,10,31,60.2,44.296,21.772
Berthold,48.38,-101.822,2132,2016,11,7,57.941,44.448,27.712
Berthold,48.38,-101.822,2132,2016,11,14,42.135,38.329,23.923
Bottineau,48.821,-100.76,1479,2016,8,1,80.934,71.426,18.061
Bottineau,48.821,-100.76,1479,2016,8,8,80.253,70.109,20.396
Bottineau,48.821,-100.76,1479,2016,8,15,81.101,68.114,18.756
Bottineau,48.821,-100.76,1479,2016,8,22,80.448,66.115,22.571
Bottineau,48.821,-100.76,1479,2016,8,29,77.309,65.26,19.532
Bottineau,48.821,-100.76,1479,2016,9,5,69.26,58.276,18.85
Bottineau,48.821,-100.76,1479,2016,9,12,67.884,56.368,21.75
Bottineau,48.821,-100.76,1479,2016,9,19,67.146,56.051,23.085
Bottineau,48.821,-100.76,1479,2016,9,26,70.353,53.798,20.458
Bottineau,48.821,-100.76,1479,2016,10,3,52.957,48.947,26.034
Bottineau,48.821,-100.76,1479,2016,10,10,50.627,44.264,21.379
Bottineau,48.821,-100.76,1479,2016,10,17,51.121,44.287,21.128
Bottineau,48.821,-100.76,1479,2016,10,24,51.845,43.787,20.609
Bottineau,48.821,-100.76,1479,2016,10,31,56.657,42.803,15.47
Bottineau,48.821,-100.76,1479,2016,11,7,58.288,40.472,21.407
Bottineau,48.821,-100.76,1479,2016,11,14,42.592,37.781,23.544
Bowbells,48.817,-102.239,1959,2016,8,1,82.102,75.156,20.992
Bowbells,48.817,-102.239,1959,2016,8,8,80.214,72.863,22.838
Bowbells,48.817,-102.239,1959,2016,8,15,80.932,72.307,21.849
Bowbells,48.817,-102.239,1959,2016,8,22,79.44,69.113,22.778
Bowbells,48.817,-102.239,1959,2016,8,29,78.458,68.476,23.692
Bowbells,48.817,-102.239,1959,2016,9,5,67.712,59.959,21.429
Bowbells,48.817,-102.239,1959,2016,9,12,69.252,59.872,22.704
Bowbells,48.817,-102.239,1959,2016,9,19,62.32,57.252,24.037
Bowbells,48.817,-102.239,1959,2016,9,26,69.093,55.688,21.956
Bowbells,48.817,-102.239,1959,2016,10,3,50.426,48.393,27.38
Bowbells,48.817,-102.239,1959,2016,10,10,50.654,45.04,21.792
Bowbells,48.817,-102.239,1959,2016,10,17,49.406,44.53,21.295
Bowbells,48.817,-102.239,1959,2016,10,24,51.913,44.291,22.552
Bowbells,48.817,-102.239,1959,2016,10,31,60.489,43.58,17.989
Bowbells,48.817,-102.239,1959,2016,11,7,58.072,44.119,25.907
Bowbells,48.817,-102.239,1959,2016,11,14,41.267,39.613,24.333
Bowman,46.19969,-103.47305,3032,2016,8,1,88.163,73.309,25.878
Bowman,46.19969,-103.47305,3032,2016,8,8,87.34,70.684,32.499
Bowman,46.19969,-103.47305,3032,2016,8,15,82.305,67.601,20.058
Bowman,46.19969,-103.47305,3032,2016,8,22,81.947,64.615,24.274
Bowman,46.19969,-103.47305,3032,2016,8,29,84.977,67.715,32.384
Bowman,46.19969,-103.47305,3032,2016,9,5,74.228,57.969,26.485
Bowman,46.19969,-103.47305,3032,2016,9,12,70.379,58.55,24.469
Bowman,46.19969,-103.47305,3032,2016,9,19,68.147,57.666,28.233
Bowman,46.19969,-103.47305,3032,2016,9,26,77.951,57.027,21.838
Bowman,46.19969,-103.47305,3032,2016,10,3,56.295,46.505,28.372
Bowman,46.19969,-103.47305,3032,2016,10,10,61.341,46.069,24.378
Bowman,46.19969,-103.47305,3032,2016,10,17,58.6,44.016,21.372
Bowman,46.19969,-103.47305,3032,2016,10,24,61.966,46.938,19.441
Bowman,46.19969,-103.47305,3032,2016,10,31,68.213,44.164,22.263
Bowman,46.19969,-103.47305,3032,2016,11,7,63.431,41.032,20.378
Bowman,46.19969,-103.47305,3032,2016,11,14,48.887,38.193,22.527
Brampton,45.984106,-97.82076,1319,2016,8,1,87.093,78.297,21.691
Brampton,45.984106,-97.82076,1319,2016,8,8,83.028,76.714,20.833
Brampton,45.984106,-97.82076,1319,2016,8,15,78.175,74.19,20.352
Brampton,45.984106,-97.82076,1319,2016,8,22,78.548,71.187,22.401
Brampton,45.984106,-97.82076,1319,2016,8,29,81.95,73.295,19.811
Brampton,45.984106,-97.82076,1319,2016,9,5,73.356,66.543,16.857
Brampton,45.984106,-97.82076,1319,2016,9,12,69.525,63.343,19.151
Brampton,45.984106,-97.82076,1319,2016,9,19,71.685,62.782,26.944
Brampton,45.984106,-97.82076,1319,2016,9,26,70.965,59.512,22.2
Brampton,45.984106,-97.82076,1319,2016,10,3,58.623,52.351,25.982
Brampton,45.984106,-97.82076,1319,2016,10,10,61.357,51.362,24.137
Brampton,45.984106,-97.82076,1319,2016,10,17,57.55,49.287,19.481
Brampton,45.984106,-97.82076,1319,2016,10,24,54.572,47.714,17.798
Brampton,45.984106,-97.82076,1319,2016,10,31,68.36,48.723,19.256
Brampton,45.984106,-97.82076,1319,2016,11,7,59.72,46.936,22.052
Brampton,45.984106,-97.82076,1319,2016,11,14,43.931,41.281,24.702
Brorson,47.782,-104.248,2268,2016,8,1,88.649,77.112,22.914
Brorson,47.782,-104.248,2268,2016,8,8,86.087,74.21,24.129
Brorson,47.782,-104.248,2268,2016,8,15,85.082,74.259,22.721
Brorson,47.782,-104.248,2268,2016,8,22,82.943,71.829,24.843
Brorson,47.782,-104.248,2268,2016,8,29,85.239,73.082,24.651
Brorson,47.782,-104.248,2268,2016,9,5,72.184,61.153,24.438
Brorson,47.782,-104.248,2268,2016,9,12,69.209,60.676,22.433
Brorson,47.782,-104.248,2268,2016,9,19,62.024,56.841,23.381
Brorson,47.782,-104.248,2268,2016,9,26,75.781,59.782,18.499
Brorson,47.782,-104.248,2268,2016,10,3,53.543,48.572,25.75
Brorson,47.782,-104.248,2268,2016,10,10,56.67,45.773,23.54
Brorson,47.782,-104.248,2268,2016,10,17,54.932,44.878,19.077
Brorson,47.782,-104.248,2268,2016,10,24,56.287,45.947,16.301
Brorson,47.782,-104.248,2268,2016,10,31,63.428,45.312,18.321
Brorson,47.782,-104.248,2268,2016,11,7,62.191,44.433,19.735
Brorson,47.782,-104.248,2268,2016,11,14,46.192,39.529,19.419
Campbell,46.064932,-96.370165,1005,2016,8,1,83.588,76.282,19.641
Campbell,46.064932,-96.370165,1005,2016,8,8,83.519,74.533,23.33
Campbell,46.064932,-96.370165,1005,2016,8,15,78.353,70.337,17.123
Campbell,46.064932,-96.370165,1005,2016,8,22,79.759,70.79,22.113
Campbell,46.064932,-96.370165,1005,2016,8,29,82.691,71.686,21.901
Campbell,46.064932,-96.370165,1005,2016,9,5,77.046,65.997,16.716
Campbell,46.064932,-96.370165,1005,2016,9,12,71.129,61.561,17.849
Campbell,46.064932,-96.370165,1005,2016,9,19,72.683,61.96,23.832
Campbell,46.064932,-96.370165,1005,2016,9,26,70.661,57.588,21.113
Campbell,46.064932,-96.370165,1005,2016,10,3,58.825,52.493,27.96
Campbell,46.064932,-96.370165,1005,2016,10,10,63.986,50.991,25.366
Campbell,46.064932,-96.370165,1005,2016,10,17,57.305,48.408,21.529
Campbell,46.064932,-96.370165,1005,2016,10,24,51.89,46.93,22.52
Campbell,46.064932,-96.370165,1005,2016,10,31,66.1,47.284,16.13
Campbell,46.064932,-96.370165,1005,2016,11,7,61.283,45.511,20.504
Campbell,46.064932,-96.370165,1005,2016,11,14,42.922,40.808,26.999
Cando,48.471903,-99.166057,1485,2016,8,1,81.562,70.302,18.202
Cando,48.471903,-99.166057,1485,2016,8,8,79.438,69.759,19.448
Cando,48.471903,-99.166057,1485,2016,8,15,80.199,68.424,20.193
Cando,48.471903,-99.166057,1485,2016,8,22,79.196,66.793,17.955
Cando,48.471903,-99.166057,1485,2016,8,29,79.211,67.506,19.429
Cando,48.471903,-99.166057,1485,2016,9,5,71.384,60.559,16.611
Cando,48.471903,-99.166057,1485,2016,9,12,67.47,57.122,18.256
Cando,48.471903,-99.166057,1485,2016,9,19,68.941,56.734,22.05
Cando,48.471903,-99.166057,1485,2016,9,26,70.083,53.199,19.302
Cando,48.471903,-99.166057,1485,2016,10,3,57.002,49.501,24.556
Cando,48.471903,-99.166057,1485,2016,10,10,52.478,44.245,20.847
Cando,48.471903,-99.166057,1485,2016,10,17,54.01,44.098,19.258
Cando,48.471903,-99.166057,1485,2016,10,24,52.247,43.806,18.565
Cando,48.471903,-99.166057,1485,2016,10,31,58.35,43.029,16.131
Cando,48.471903,-99.166057,1485,2016,11,7,59.08,41.582,21.746
Cando,48.471903,-99.166057,1485,2016,11,14,41.84,37.84,20.931
Carrington,47.509,-99.132,1561,2016,8,1,84.221,76.548,22.287
Carrington,47.509,-99.132,1561,2016,8,8,80.073,73.873,23.492
Carrington,47.509,-99.132,1561,2016,8,15,78.679,72.956,20.824
Carrington,47.509,-99.132,1561,2016,8,22,77.625,69.271,21.133
Carrington,47.509,-99.132,1561,2016,8,29,78.203,70.301,22.548
Carrington,47.509,-99.132,1561,2016,9,5,70.003,61.784,19.531
Carrington,47.509,-99.132,1561,2016,9,12,67.182,59.747,20.653
Carrington,47.509,-99.132,1561,2016,9,19,69.44,60.579,25.451
Carrington,47.509,-99.132,1561,2016,9,26,69.926,56.479,23.803
Carrington,47.509,-99.132,1561,2016,10,3,56.012,50.898,29.649
Carrington,47.509,-99.132,1561,2016,10,10,56.344,47.805,23.97
Carrington,47.509,-99.132,1561,2016,10,17,56.106,47.839,22.349
Carrington,47.509,-99.132,1561,2016,10,24,51.277,45.179,20.918
Carrington,47.509,-99.132,1561,2016,10,31,62.518,46.112,17.818
Carrington,47.509,-99.132,1561,2016,11,7,59.255,44.887,25.163
Carrington,47.509,-99.132,1561,2016,11,14,42.907,39.077,23.425
Carson,46.44303,-101.373829,2107,2016,10,3,57.144,51.365,30.952
Carson,46.44303,-101.373829,2107,2016,10,10,60.99,49.306,24.415
Carson,46.44303,-101.373829,2107,2016,10,17,58.744,48.316,21.851
Carson,46.44303,-101.373829,2107,2016,10,24,59.194,49.621,19.458
Carson,46.44303,-101.373829,2107,2016,10,31,69.18,48.543,22.691
Carson,46.44303,-101.373829,2107,2016,11,7,62.281,45.772,23.99
Carson,46.44303,-101.373829,2107,2016,11,14,45.98,41.704,23.158
Cavalier,48.844273,-97.644273,876,2016,8,1,79.877,70.491,20.981
Cavalier,48.844273,-97.644273,876,2016,8,8,80.073,71.081,19.13
Cavalier,48.844273,-97.644273,876,2016,8,15,80.608,70.619,17.989
Cavalier,48.844273,-97.644273,876,2016,8,22,79.276,68.05,21.029
Cavalier,48.844273,-97.644273,876,2016,8,29,78.003,68.179,21.103
Cavalier,48.844273,-97.644273,876,2016,9,5,72.017,63.299,18.117
Cavalier,48.844273,-97.644273,876,2016,9,12,67.187,58.572,18.118
Cavalier,48.844273,-97.644273,876,2016,9,19,69.088,58.329,22.984
Cavalier,48.844273,-97.644273,876,2016,9,26,66.282,55.632,19.843
Cavalier,48.844273,-97.644273,876,2016,10,3,55.817,49.729,26.355
Cavalier,48.844273,-97.644273,876,2016,10,10,51.49,45.066,20.828
Cavalier,48.844273,-97.644273,876,2016,10,17,52.453,44.404,21.729
Cavalier,48.844273,-97.644273,876,2016,10,24,50.606,44.083,20.14
Cavalier,48.844273,-97.644273,876,2016,10,31,54.363,44.558,15.078
Cavalier,48.844273,-97.644273,876,2016,11,7,59.594,43.902,23.47
Cavalier,48.844273,-97.644273,876,2016,11,14,43.454,38.074,24.064
Cooperstown,47.442811,-98.177288,1454,2016,8,1,83.048,75.874,20.065
Cooperstown,47.442811,-98.177288,1454,2016,8,8,80.379,74.14,22.113
Cooperstown,47.442811,-98.177288,1454,2016,8,15,79.89,72.834,20.398
Cooperstown,47.442811,-98.177288,1454,2016,8,22,80.279,70.14,20.577
Cooperstown,47.442811,-98.177288,1454,2016,8,29,80.999,71.539,19.909
Cooperstown,47.442811,-98.177288,1454,2016,9,5,73.305,63.505,18.137
Cooperstown,47.442811,-98.177288,1454,2016,9,12,68.346,60.306,18.382
Cooperstown,47.442811,-98.177288,1454,2016,9,19,68.815,59.765,25.282
Cooperstown,47.442811,-98.177288,1454,2016,9,26,68.311,56.691,22.061
Cooperstown,47.442811,-98.177288,1454,2016,10,3,55,50.95,27.87
Cooperstown,47.442811,-98.177288,1454,2016,10,10,55.513,47.431,21.739
Cooperstown,47.442811,-98.177288,1454,2016,10,17,54.011,46.672,21.286
Cooperstown,47.442811,-98.177288,1454,2016,10,24,51.049,45.544,21.036
Cooperstown,47.442811,-98.177288,1454,2016,10,31,62.577,45.557,17.797
Cooperstown,47.442811,-98.177288,1454,2016,11,7,58.024,43.075,23.117
Cooperstown,47.442811,-98.177288,1454,2016,11,14,41.628,39.062,25.462
Crary,48.05,-98.606,1508,2016,8,1,81.68,74.04,19.796
Crary,48.05,-98.606,1508,2016,8,8,78.221,71.47,23.34
Crary,48.05,-98.606,1508,2016,8,15,78.191,71.495,18.54
Crary,48.05,-98.606,1508,2016,8,22,77.735,69.012,19.895
Crary,48.05,-98.606,1508,2016,8,29,78.643,70.156,20.366
Crary,48.05,-98.606,1508,2016,9,5,70.597,61.636,17.711
Crary,48.05,-98.606,1508,2016,9,12,67.329,59.177,18.32
Crary,48.05,-98.606,1508,2016,9,19,67.709,59.554,24.555
Crary,48.05,-98.606,1508,2016,9,26,68.188,55.495,23.183
Crary,48.05,-98.606,1508,2016,10,3,54.618,49.954,31.731
Crary,48.05,-98.606,1508,2016,10,10,53.255,46.31,22.945
Crary,48.05,-98.606,1508,2016,10,17,52.958,45.491,21.24
Crary,48.05,-98.606,1508,2016,10,24,50.743,44.667,22.807
Crary,48.05,-98.606,1508,2016,10,31,59.162,44.617,17.71
Crary,48.05,-98.606,1508,2016,11,7,57.883,43.696,24.846
Crary,48.05,-98.606,1508,2016,11,14,42.102,38.688,25.741
Crosby,48.807152,-103.311735,2086,2016,8,1,83.634,77.611,23.437
Crosby,48.807152,-103.311735,2086,2016,8,8,81.395,73.784,22.328
Crosby,48.807152,-103.311735,2086,2016,8,15,82.364,74.442,22.669
Crosby,48.807152,-103.311735,2086,2016,8,22,79.121,69.535,23.738
Crosby,48.807152,-103.311735,2086,2016,8,29,81.456,70.481,25.632
Crosby,48.807152,-103.311735,2086,2016,9,5,68.144,58.753,20.481
Crosby,48.807152,-103.311735,2086,2016,9,12,69.203,59.035,23.211
Crosby,48.807152,-103.311735,2086,2016,9,19,61.795,56.31,25.9
Crosby,48.807152,-103.311735,2086,2016,9,26,74.624,58.269,21.293
Crosby,48.807152,-103.311735,2086,2016,10,3,50.533,46.884,27.782
Crosby,48.807152,-103.311735,2086,2016,10,10,52.647,44.048,23.819
Crosby,48.807152,-103.311735,2086,2016,10,17,52.606,44.85,19.246
Crosby,48.807152,-103.311735,2086,2016,10,24,56.069,45.554,21.998
Crosby,48.807152,-103.311735,2086,2016,10,31,60.256,42.716,20.022
Crosby,48.807152,-103.311735,2086,2016,11,7,58.154,42.458,23.286
Crosby,48.807152,-103.311735,2086,2016,11,14,42.326,37.246,24.205
Dazey,47.183,-98.138,1441,2016,8,1,82.773,76.926,21.12
Dazey,47.183,-98.138,1441,2016,8,8,78.502,74.148,22.518
Dazey,47.183,-98.138,1441,2016,8,15,77.9,71.914,19.386
Dazey,47.183,-98.138,1441,2016,8,22,79.337,69.282,22.466
Dazey,47.183,-98.138,1441,2016,8,29,79.494,71.538,21.014
Dazey,47.183,-98.138,1441,2016,9,5,71.592,62.622,18.01
Dazey,47.183,-98.138,1441,2016,9,12,68.929,60.626,19.224
Dazey,47.183,-98.138,1441,2016,9,19,69.931,61.164,27.156
Dazey,47.183,-98.138,1441,2016,9,26,69.643,57.441,23.795
Dazey,47.183,-98.138,1441,2016,10,3,55.725,51.302,30.199
Dazey,47.183,-98.138,1441,2016,10,10,56.665,47.536,25.27
Dazey,47.183,-98.138,1441,2016,10,17,54.657,46.929,22.17
Dazey,47.183,-98.138,1441,2016,10,24,51.249,45.721,22.832
Dazey,47.183,-98.138,1441,2016,10,31,63.983,46.218,18.585
Dazey,47.183,-98.138,1441,2016,11,7,58.981,43.618,25.556
Dazey,47.183,-98.138,1441,2016,11,14,42.298,38.813,27.168
Dickinson,46.895,-102.813,2557,2016,8,1,86.293,77.621,23.107
Dickinson,46.895,-102.813,2557,2016,8,8,86.769,76.423,24.638
Dickinson,46.895,-102.813,2557,2016,8,15,82.061,72.543,20.866
Dickinson,46.895,-102.813,2557,2016,8,22,82.775,70.12,22.849
Dickinson,46.895,-102.813,2557,2016,8,29,81.991,72.241,26.051
Dickinson,46.895,-102.813,2557,2016,9,5,71.25,59.54,24.097
Dickinson,46.895,-102.813,2557,2016,9,12,67.578,59.63,21.847
Dickinson,46.895,-102.813,2557,2016,9,19,66.959,60.032,26.03
Dickinson,46.895,-102.813,2557,2016,9,26,74.593,59.638,18.342
Dickinson,46.895,-102.813,2557,2016,10,3,55.172,49.194,28.579
Dickinson,46.895,-102.813,2557,2016,10,10,57.994,47.577,21.422
Dickinson,46.895,-102.813,2557,2016,10,17,56.943,47.553,20.494
Dickinson,46.895,-102.813,2557,2016,10,24,59.249,48.994,18.144
Dickinson,46.895,-102.813,2557,2016,10,31,67.121,47.769,18.638
Dickinson,46.895,-102.813,2557,2016,11,7,61.569,44.966,20.41
Dickinson,46.895,-102.813,2557,2016,11,14,47.169,40.591,20.956
Dunn,47.3416,-102.6308,2210,2016,8,1,85.843,74.806,20.828
Dunn,47.3416,-102.6308,2210,2016,8,8,85.247,74.082,25.315
Dunn,47.3416,-102.6308,2210,2016,8,15,82.701,71.517,19.194
Dunn,47.3416,-102.6308,2210,2016,8,22,82.48,69.501,23.169
Dunn,47.3416,-102.6308,2210,2016,8,29,81.598,70.725,25.166
Dunn,47.3416,-102.6308,2210,2016,9,5,71.525,58.987,22.209
Dunn,47.3416,-102.6308,2210,2016,9,12,68.612,58.602,20.41
Dunn,47.3416,-102.6308,2210,2016,9,19,67.038,58.273,23.692
Dunn,47.3416,-102.6308,2210,2016,9,26,74.097,56.426,17.694
Dunn,47.3416,-102.6308,2210,2016,10,3,53.088,47.278,26.378
Dunn,47.3416,-102.6308,2210,2016,10,10,56.423,44.577,20.526
Dunn,47.3416,-102.6308,2210,2016,10,17,56.628,45.855,17.285
Dunn,47.3416,-102.6308,2210,2016,10,24,57.213,46.465,17.84
Dunn,47.3416,-102.6308,2210,2016,10,31,66.035,44.401,16.646
Dunn,47.3416,-102.6308,2210,2016,11,7,60.872,41.715,21.419
Dunn,47.3416,-102.6308,2210,2016,11,14,45.856,38.933,20.398
Edgeley,46.319216,-98.766055,1649,2016,8,1,83.331,76.251,18.936
Edgeley,46.319216,-98.766055,1649,2016,8,8,81.338,74.255,21.562
Edgeley,46.319216,-98.766055,1649,2016,8,15,77.622,71.768,18.029
Edgeley,46.319216,-98.766055,1649,2016,8,22,78.417,68.925,20.547
Edgeley,46.319216,-98.766055,1649,2016,8,29,79.903,70.376,20.503
Edgeley,46.319216,-98.766055,1649,2016,9,5,70.962,62.298,17.348
Edgeley,46.319216,-98.766055,1649,2016,9,12,70.08,60.268,18.948
Edgeley,46.319216,-98.766055,1649,2016,9,19,70.862,60.029,24.793
Edgeley,46.319216,-98.766055,1649,2016,9,26,71.003,56.223,23.126
Edgeley,46.319216,-98.766055,1649,2016,10,3,57.445,50.843,28.593
Edgeley,46.319216,-98.766055,1649,2016,10,10,60.28,48.998,23.482
Edgeley,46.319216,-98.766055,1649,2016,10,17,56.868,47.267,21.785
Edgeley,46.319216,-98.766055,1649,2016,10,24,52.143,46.438,18.992
Edgeley,46.319216,-98.766055,1649,2016,10,31,66.383,47.503,20.427
Edgeley,46.319216,-98.766055,1649,2016,11,7,60.227,46.049,23.329
Edgeley,46.319216,-98.766055,1649,2016,11,14,43.24,39.219,24.668
Ekre,46.540042,-97.140927,1053,2016,8,1,84.763,75.709,19.963
Ekre,46.540042,-97.140927,1053,2016,8,8,82.364,73.65,18.957
Ekre,46.540042,-97.140927,1053,2016,8,15,78.085,70.4,17.721
Ekre,46.540042,-97.140927,1053,2016,8,22,79.803,69.919,21.347
Ekre,46.540042,-97.140927,1053,2016,8,29,81.875,70.917,18.661
Ekre,46.540042,-97.140927,1053,2016,9,5,74.218,65.549,16.645
Ekre,46.540042,-97.140927,1053,2016,9,12,69.962,61.787,17.067
Ekre,46.540042,-97.140927,1053,2016,9,19,72.047,61.567,23.928
Ekre,46.540042,-97.140927,1053,2016,9,26,70.034,57.123,22.446
Ekre,46.540042,-97.140927,1053,2016,10,3,58.122,52.105,26.781
Ekre,46.540042,-97.140927,1053,2016,10,10,61.006,48.617,21.572
Ekre,46.540042,-97.140927,1053,2016,10,17,55.48,46.891,17.956
Ekre,46.540042,-97.140927,1053,2016,10,24,52.736,46.064,21.253
Ekre,46.540042,-97.140927,1053,2016,10,31,66.105,46.005,18.745
Ekre,46.540042,-97.140927,1053,2016,11,7,59.908,44.264,21.123
Ekre,46.540042,-97.140927,1053,2016,11,14,43.929,40.6,23.589
Eldred,47.688,-96.822,861,2016,8,1,82.534,74.349,21.656
Eldred,47.688,-96.822,861,2016,8,8,79.723,72.545,20.364
Eldred,47.688,-96.822,861,2016,8,15,78.725,69.634,18.447
Eldred,47.688,-96.822,861,2016,8,22,78.594,68.821,25.421
Eldred,47.688,-96.822,861,2016,8,29,78.237,69.216,19.363
Eldred,47.688,-96.822,861,2016,9,5,71.659,63.655,20.78
Eldred,47.688,-96.822,861,2016,9,12,66.627,59.364,18.466
Eldred,47.688,-96.822,861,2016,9,19,71.399,59.849,23.204
Eldred,47.688,-96.822,861,2016,9,26,67.416,56.018,20.427
Eldred,47.688,-96.822,861,2016,10,3,58.599,51.838,29.463
Eldred,47.688,-96.822,861,2016,10,10,57.845,47.906,24.813
Eldred,47.688,-96.822,861,2016,10,17,52.548,46.946,18.679
Eldred,47.688,-96.822,861,2016,10,24,50.423,45.799,20.37
Eldred,47.688,-96.822,861,2016,10,31,61.43,46.541,19.268
Eldred,47.688,-96.822,861,2016,11,7,57.252,45.542,23.701
Eldred,47.688,-96.822,861,2016,11,14,42.776,40.467,26.618
Fargo,46.897,-96.812,902,2016,8,1,83.938,77.597,20.993
Fargo,46.897,-96.812,902,2016,8,8,81.528,74.872,22.594
Fargo,46.897,-96.812,902,2016,8,15,78.659,72.877,20.455
Fargo,46.897,-96.812,902,2016,8,22,79.803,70.421,24.656
Fargo,46.897,-96.812,902,2016,8,29,80.657,71.906,21.22
Fargo,46.897,-96.812,902,2016,9,5,74.267,66.795,18.436
Fargo,46.897,-96.812,902,2016,9,12,69.216,63.168,18.094
Fargo,46.897,-96.812,902,2016,9,19,71.847,60.89,24.737
Fargo,46.897,-96.812,902,2016,9,26,69.772,58.317,20.331
Fargo,46.897,-96.812,902,2016,10,3,58.654,54.741,28.008
Fargo,46.897,-96.812,902,2016,10,10,61.205,51.085,22.816
Fargo,46.897,-96.812,902,2016,10,17,54.879,48.539,18.37
Fargo,46.897,-96.812,902,2016,10,24,52.539,47.699,19.767
Fargo,46.897,-96.812,902,2016,10,31,65.714,48.474,18.629
Fargo,46.897,-96.812,902,2016,11,7,60.054,47.105,20.72
Fargo,46.897,-96.812,902,2016,11,14,43.996,42.91,25.025
Fingal,46.746,-97.911,1492,2016,8,1,82.75,76.639,17.295
Fingal,46.746,-97.911,1492,2016,8,8,79.481,74.257,19.223
Fingal,46.746,-97.911,1492,2016,8,15,76.684,72.273,20.29
Fingal,46.746,-97.911,1492,2016,8,22,77.291,69.822,19.983
Fingal,46.746,-97.911,1492,2016,8,29,79.908,72.28,17.67
Fingal,46.746,-97.911,1492,2016,9,5,72.065,64.209,15.876
Fingal,46.746,-97.911,1492,2016,9,12,69.489,61.756,16.56
Fingal,46.746,-97.911,1492,2016,9,19,70.564,60.539,22.97
Fingal,46.746,-97.911,1492,2016,9,26,69.808,57.291,19.939
Fingal,46.746,-97.911,1492,2016,10,3,55.78,51.231,27.149
Fingal,46.746,-97.911,1492,2016,10,10,58.153,48.549,23.448
Fingal,46.746,-97.911,1492,2016,10,17,54.77,46.644,23.899
Fingal,46.746,-97.911,1492,2016,10,24,50.758,45.866,19.628
Fingal,46.746,-97.911,1492,2016,10,31,64.593,46.751,21.162
Fingal,46.746,-97.911,1492,2016,11,7,58.269,45.331,26.232
Fingal,46.746,-97.911,1492,2016,11,14,42.438,39.724,27.702
Finley,47.52638,-97.847264,1477,2016,8,1,82.007,75.418,17.486
Finley,47.52638,-97.847264,1477,2016,8,8,79.307,73.844,20.862
Finley,47.52638,-97.847264,1477,2016,8,15,78.309,73.207,18.966
Finley,47.52638,-97.847264,1477,2016,8,22,78.247,70.034,18.767
Finley,47.52638,-97.847264,1477,2016,8,29,78.738,71.549,19.216
Finley,47.52638,-97.847264,1477,2016,9,5,71.888,62.699,17.054
Finley,47.52638,-97.847264,1477,2016,9,12,67.699,59.413,23.056
Finley,47.52638,-97.847264,1477,2016,9,19,68.427,59.722,31.523
Finley,47.52638,-97.847264,1477,2016,9,26,67.612,55.823,20.428
Finley,47.52638,-97.847264,1477,2016,10,3,55.111,50.129,25.063
Finley,47.52638,-97.847264,1477,2016,10,10,56.062,46.994,21.808
Finley,47.52638,-97.847264,1477,2016,10,17,54.016,46.259,17.964
Finley,47.52638,-97.847264,1477,2016,10,24,50.75,44.871,18.689
Finley,47.52638,-97.847264,1477,2016,10,31,63.163,45.973,19.129
Finley,47.52638,-97.847264,1477,2016,11,7,58.338,44.338,24.394
Finley,47.52638,-97.847264,1477,2016,11,14,42.064,38.871,23.786
Forest River,48.296,-97.603,893,2016,8,1,81.05,70.642,24.104
Forest River,48.296,-97.603,893,2016,8,8,80.124,71.106,19.533
Forest River,48.296,-97.603,893,2016,8,15,80.605,69.358,17.313
Forest River,48.296,-97.603,893,2016,8,22,78.846,67.649,21.241
Forest River,48.296,-97.603,893,2016,8,29,79.178,66.62,18.342
Forest River,48.296,-97.603,893,2016,9,5,72.029,61.704,17.859
Forest River,48.296,-97.603,893,2016,9,12,69.378,59.231,17.903
Forest River,48.296,-97.603,893,2016,9,19,70.006,59.565,23.392
Forest River,48.296,-97.603,893,2016,9,26,68.01,56.246,18.532
Forest River,48.296,-97.603,893,2016,10,3,57.081,51.111,26.157
Forest River,48.296,-97.603,893,2016,10,10,53.932,47.115,20.694
Forest River,48.296,-97.603,893,2016,10,17,52.722,46.021,18.364
Forest River,48.296,-97.603,893,2016,10,24,50.682,45.563,19.597
Forest River,48.296,-97.603,893,2016,10,31,57.043,45.248,16.879
Forest River,48.296,-97.603,893,2016,11,7,59.617,45.425,24.079
Forest River,48.296,-97.603,893,2016,11,14,43.641,40.45,23.494
Fort Yates,46.084858,-100.676495,1662,2016,8,1,86.766,79.386,18.797
Fort Yates,46.084858,-100.676495,1662,2016,8,8,87.183,77.574,26.573
Fort Yates,46.084858,-100.676495,1662,2016,8,15,81.631,73.255,17.714
Fort Yates,46.084858,-100.676495,1662,2016,8,22,82.757,71.107,21.431
Fort Yates,46.084858,-100.676495,1662,2016,8,29,85.72,73.304,22.842
Fort Yates,46.084858,-100.676495,1662,2016,9,5,73.971,64.535,18.364
Fort Yates,46.084858,-100.676495,1662,2016,9,12,71.86,61.891,20.41
Fort Yates,46.084858,-100.676495,1662,2016,9,19,72.063,61.945,21.499
Fort Yates,46.084858,-100.676495,1662,2016,9,26,74.763,58.062,18.33
Fort Yates,46.084858,-100.676495,1662,2016,10,3,60.728,53.242,24.563
Fort Yates,46.084858,-100.676495,1662,2016,10,10,62.962,50.335,18.435
Fort Yates,46.084858,-100.676495,1662,2016,10,17,60.492,48.64,18.639
Fort Yates,46.084858,-100.676495,1662,2016,10,24,60.023,50.083,17.317
Fort Yates,46.084858,-100.676495,1662,2016,10,31,69.162,46.311,16.206
Fort Yates,46.084858,-100.676495,1662,2016,11,7,64.127,43.486,18.605
Fort Yates,46.084858,-100.676495,1662,2016,11,14,47.479,40.34,21.366
Fox,48.877738,-95.85016,1040,2016,8,1,78.134,72.969,20.93
Fox,48.877738,-95.85016,1040,2016,8,8,78.443,74.147,19.621
Fox,48.877738,-95.85016,1040,2016,8,15,77.165,71.771,17.658
Fox,48.877738,-95.85016,1040,2016,8,22,75.354,69.31,18.542
Fox,48.877738,-95.85016,1040,2016,8,29,75.035,68.259,18.947
Fox,48.877738,-95.85016,1040,2016,9,5,69.293,63.633,16.825
Fox,48.877738,-95.85016,1040,2016,9,12,64.737,60.567,19.205
Fox,48.877738,-95.85016,1040,2016,9,19,68.512,60.17,23.136
Fox,48.877738,-95.85016,1040,2016,9,26,62.093,56.229,18.875
Fox,48.877738,-95.85016,1040,2016,10,3,56.753,52.792,26.105
Fox,48.877738,-95.85016,1040,2016,10,10,54.662,48.544,21.438
Fox,48.877738,-95.85016,1040,2016,10,17,49.887,45.82,19.535
Fox,48.877738,-95.85016,1040,2016,10,24,48.501,44.702,19.542
Fox,48.877738,-95.85016,1040,2016,10,31,53.879,44.854,18.075
Fox,48.877738,-95.85016,1040,2016,11,7,56.074,44.817,25.47
Fox,48.877738,-95.85016,1040,2016,11,14,39.626,39.474,22.67
Froid,48.25793,-104.496673,2185,2016,8,1,88.582,76.693,22.486
Froid,48.25793,-104.496673,2185,2016,8,8,85.234,74.948,23.341
Froid,48.25793,-104.496673,2185,2016,8,15,85.568,74.334,20.394
Froid,48.25793,-104.496673,2185,2016,8,22,80.613,69.228,23.789
Froid,48.25793,-104.496673,2185,2016,8,29,85.722,72.055,23.66
Froid,48.25793,-104.496673,2185,2016,9,5,71.407,58.504,22.272
Froid,48.25793,-104.496673,2185,2016,9,12,70.443,58.194,21.698
Froid,48.25793,-104.496673,2185,2016,9,19,62.945,54.788,22.703
Froid,48.25793,-104.496673,2185,2016,9,26,76.486,57.858,17.678
Froid,48.25793,-104.496673,2185,2016,10,3,50.672,46.087,23.885
Froid,48.25793,-104.496673,2185,2016,10,10,55.312,43.373,21.016
Froid,48.25793,-104.496673,2185,2016,10,17,53.813,43.748,16.401
Froid,48.25793,-104.496673,2185,2016,10,24,55.538,44.744,16.697
Froid,48.25793,-104.496673,2185,2016,10,31,61.939,41.854,16.838
Froid,48.25793,-104.496673,2185,2016,11,7,60.857,41.269,17.103
Froid,48.25793,-104.496673,2185,2016,11,14,43.767,36.974,19.746
Galesburg,47.21,-97.431,1087,2016,8,1,84.208,76.918,20.352
Galesburg,47.21,-97.431,1087,2016,8,8,80.752,74.182,20.288
Galesburg,47.21,-97.431,1087,2016,8,15,80.299,72.865,19.512
Galesburg,47.21,-97.431,1087,2016,8,22,80.528,70.354,19.396
Galesburg,47.21,-97.431,1087,2016,8,29,80.729,72.065,18.168
Galesburg,47.21,-97.431,1087,2016,9,5,73.531,63.761,18.584
Galesburg,47.21,-97.431,1087,2016,9,12,69.97,60.881,16.685
Galesburg,47.21,-97.431,1087,2016,9,19,70.569,60.863,23.386
Galesburg,47.21,-97.431,1087,2016,9,26,70.034,57.21,20.099
Galesburg,47.21,-97.431,1087,2016,10,3,57.798,51.343,25.089
Galesburg,47.21,-97.431,1087,2016,10,10,58.29,47.387,23.188
Galesburg,47.21,-97.431,1087,2016,10,17,55.258,46.056,18.084
Galesburg,47.21,-97.431,1087,2016,10,24,52.231,45.193,19.235
Galesburg,47.21,-97.431,1087,2016,10,31,65.367,46.647,19.575
Galesburg,47.21,-97.431,1087,2016,11,7,58.902,45.111,23.675
Galesburg,47.21,-97.431,1087,2016,11,14,44.247,39.796,24.675
Garrison,47.710256,-101.679546,1926,2016,8,1,85.069,74.069,23.071
Garrison,47.710256,-101.679546,1926,2016,8,8,83.231,70.962,24.409
Garrison,47.710256,-101.679546,1926,2016,8,15,81.739,69.463,20.96
Garrison,47.710256,-101.679546,1926,2016,8,22,79.926,67.615,23.939
Garrison,47.710256,-101.679546,1926,2016,8,29,78.949,68.231,25.441
Garrison,47.710256,-101.679546,1926,2016,9,5,69.131,57.994,23.22
Garrison,47.710256,-101.679546,1926,2016,9,12,66.372,56.23,22.478
Garrison,47.710256,-101.679546,1926,2016,9,19,65.66,56.102,26.817
Garrison,47.710256,-101.679546,1926,2016,9,26,70.502,54.548,18.693
Garrison,47.710256,-101.679546,1926,2016,10,3,51.112,46.346,27.272
Garrison,47.710256,-101.679546,1926,2016,10,10,53.079,42.999,23.929
Garrison,47.710256,-101.679546,1926,2016,10,17,53.855,44.307,22.764
Garrison,47.710256,-101.679546,1926,2016,10,24,53.367,45.271,20.537
Garrison,47.710256,-101.679546,1926,2016,10,31,61.827,43.34,17.83
Garrison,47.710256,-101.679546,1926,2016,11,7,58.635,41.251,23.073
Garrison,47.710256,-101.679546,1926,2016,11,14,42.491,36.253,24.915
Grafton,48.4123,-97.186,801,2016,8,1,81.04,70.088,20.538
Grafton,48.4123,-97.186,801,2016,8,8,79.479,69.092,19.527
Grafton,48.4123,-97.186,801,2016,8,15,79.505,67.551,17.594
Grafton,48.4123,-97.186,801,2016,8,22,77.589,65.739,20.911
Grafton,48.4123,-97.186,801,2016,8,29,78.993,68.066,19.626
Grafton,48.4123,-97.186,801,2016,9,5,72.667,63.609,16.344
Grafton,48.4123,-97.186,801,2016,9,12,68.203,59.448,17.872
Grafton,48.4123,-97.186,801,2016,9,19,71.389,59.913,22.752
Grafton,48.4123,-97.186,801,2016,9,26,67.414,56.776,19.173
Grafton,48.4123,-97.186,801,2016,10,3,57.561,52.25,25.759
Grafton,48.4123,-97.186,801,2016,10,10,54.603,48.299,20.119
Grafton,48.4123,-97.186,801,2016,10,17,51.268,45.505,20.192
Grafton,48.4123,-97.186,801,2016,10,24,49.794,44.843,19.974
Grafton,48.4123,-97.186,801,2016,10,31,56.049,44.966,14.811
Grafton,48.4123,-97.186,801,2016,11,7,58.469,43.602,22.383
Grafton,48.4123,-97.186,801,2016,11,14,41.598,38.273,24.259
Grand Forks,47.83633,-97.066838,846,2016,8,1,83.729,72.665,21.955
Grand Forks,47.83633,-97.066838,846,2016,8,8,80.901,70.661,19.692
Grand Forks,47.83633,-97.066838,846,2016,8,15,80.492,68.48,18.224
Grand Forks,47.83633,-97.066838,846,2016,8,22,80.073,65.896,22.489
Grand Forks,47.83633,-97.066838,846,2016,8,29,80.181,65.484,20.438
Grand Forks,47.83633,-97.066838,846,2016,9,5,71.721,62.177,18.821
Grand Forks,47.83633,-97.066838,846,2016,9,12,68.566,58.638,17.966
Grand Forks,47.83633,-97.066838,846,2016,9,19,71.837,58.43,23.784
Grand Forks,47.83633,-97.066838,846,2016,9,26,67.936,54.927,20.835
Grand Forks,47.83633,-97.066838,846,2016,10,3,58.096,52.815,28.084
Grand Forks,47.83633,-97.066838,846,2016,10,10,58.211,47.684,23.351
Grand Forks,47.83633,-97.066838,846,2016,10,17,54.079,46.901,17.157
Grand Forks,47.83633,-97.066838,846,2016,10,24,51.189,45.713,20.06
Grand Forks,47.83633,-97.066838,846,2016,10,31,62.243,45.718,16.984
Grand Forks,47.83633,-97.066838,846,2016,11,7,59.753,45.236,23.183
Grand Forks,47.83633,-97.066838,846,2016,11,14,44.923,41.38,24.928
Greenbush,48.704,-96.325,1000,2016,8,1,80.549,70.203,23.013
Greenbush,48.704,-96.325,1000,2016,8,8,79.955,69.403,21.692
Greenbush,48.704,-96.325,1000,2016,8,15,79.227,66.259,18.915
Greenbush,48.704,-96.325,1000,2016,8,22,78.635,63.453,21.846
Greenbush,48.704,-96.325,1000,2016,8,29,77.504,62.486,20.953
Greenbush,48.704,-96.325,1000,2016,9,5,70.561,60.385,19.994
Greenbush,48.704,-96.325,1000,2016,9,12,65.436,57.753,21.134
Greenbush,48.704,-96.325,1000,2016,9,19,69.867,57.728,24.009
Greenbush,48.704,-96.325,1000,2016,9,26,64.351,54.75,19.597
Greenbush,48.704,-96.325,1000,2016,10,3,56.584,51.261,27.155
Greenbush,48.704,-96.325,1000,2016,10,10,53.839,46.637,22.038
Greenbush,48.704,-96.325,1000,2016,10,17,51.633,44.611,18.478
Greenbush,48.704,-96.325,1000,2016,10,24,49.413,44.055,19.343
Greenbush,48.704,-96.325,1000,2016,10,31,55.138,44.414,17.006
Greenbush,48.704,-96.325,1000,2016,11,7,56.301,42.507,25.001
Greenbush,48.704,-96.325,1000,2016,11,14,41.333,38.167,23.717
Harvey,47.730459,-99.91937,1620,2016,8,1,83.256,73.758,22.827
Harvey,47.730459,-99.91937,1620,2016,8,8,81.598,72.424,21.8
Harvey,47.730459,-99.91937,1620,2016,8,15,79.417,69.236,21.638
Harvey,47.730459,-99.91937,1620,2016,8,22,78.707,67.846,23.094
Harvey,47.730459,-99.91937,1620,2016,8,29,78.527,69.067,24.236
Harvey,47.730459,-99.91937,1620,2016,9,5,70.283,60.421,20.599
Harvey,47.730459,-99.91937,1620,2016,9,12,66.573,58.086,22.958
Harvey,47.730459,-99.91937,1620,2016,9,19,68.993,59.472,25.491
Harvey,47.730459,-99.91937,1620,2016,9,26,69.491,56.291,21.771
Harvey,47.730459,-99.91937,1620,2016,10,3,55.842,49.631,29.824
Harvey,47.730459,-99.91937,1620,2016,10,10,55.266,47.136,21.612
Harvey,47.730459,-99.91937,1620,2016,10,17,55.74,47.475,23.278
Harvey,47.730459,-99.91937,1620,2016,10,24,52.481,45.375,19.088
Harvey,47.730459,-99.91937,1620,2016,10,31,62.429,45.261,16.88
Harvey,47.730459,-99.91937,1620,2016,11,7,60.134,44.218,24.671
Harvey,47.730459,-99.91937,1620,2016,11,14,43.205,38.892,21.855
Hazen,47.302,-101.679,1849,2016,8,1,86.134,78.042,21.539
Hazen,47.302,-101.679,1849,2016,8,8,84.161,76.26,25.865
Hazen,47.302,-101.679,1849,2016,8,15,81.652,71.465,21.419
Hazen,47.302,-101.679,1849,2016,8,22,81.994,70.846,22.72
Hazen,47.302,-101.679,1849,2016,8,29,82.904,72.749,24.827
Hazen,47.302,-101.679,1849,2016,9,5,71.87,60.133,22.66
Hazen,47.302,-101.679,1849,2016,9,12,69.54,59.347,21.61
Hazen,47.302,-101.679,1849,2016,9,19,69.589,59.776,25.645
Hazen,47.302,-101.679,1849,2016,9,26,73.156,57.274,19.225
Hazen,47.302,-101.679,1849,2016,10,3,54.518,47.947,25.304
Hazen,47.302,-101.679,1849,2016,10,10,57.849,46.332,20.227
Hazen,47.302,-101.679,1849,2016,10,17,58.542,47.7,21.315
Hazen,47.302,-101.679,1849,2016,10,24,57.033,48.172,18.916
Hazen,47.302,-101.679,1849,2016,10,31,67.36,45.917,16.556
Hazen,47.302,-101.679,1849,2016,11,7,62.412,42.885,21.282
Hazen,47.302,-101.679,1849,2016,11,14,46.332,39.368,21.201
Hettinger,46.011,-102.643,2758,2016,8,1,88.477,77.238,23.245
Hettinger,46.011,-102.643,2758,2016,8,8,88.641,76.181,27.869
Hettinger,46.011,-102.643,2758,2016,8,15,81.495,71.773,19.873
Hettinger,46.011,-102.643,2758,2016,8,22,81.695,68.511,25.75
Hettinger,46.011,-102.643,2758,2016,8,29,83.549,72.057,24.068
Hettinger,46.011,-102.643,2758,2016,9,5,74.339,61.269,22.133
Hettinger,46.011,-102.643,2758,2016,9,12,70.777,61.037,24.463
Hettinger,46.011,-102.643,2758,2016,9,19,68.746,61.243,27.661
Hettinger,46.011,-102.643,2758,2016,9,26,76.892,58.782,18.712
Hettinger,46.011,-102.643,2758,2016,10,3,57.228,48.287,25.417
Hettinger,46.011,-102.643,2758,2016,10,10,62.172,47.54,22.858
Hettinger,46.011,-102.643,2758,2016,10,17,58.49,45.537,20.344
Hettinger,46.011,-102.643,2758,2016,10,24,61.116,47.845,16.837
Hettinger,46.011,-102.643,2758,2016,10,31,68.784,44.389,20.668
Hettinger,46.011,-102.643,2758,2016,11,7,63.132,41.537,20.047
Hettinger,46.011,-102.643,2758,2016,11,14,47.814,37.51,21.782
Hillsboro,47.353,-96.922,886,2016,8,1,83.66,77.712,17.594
Hillsboro,47.353,-96.922,886,2016,8,8,80.821,73.32,16.55
Hillsboro,47.353,-96.922,886,2016,8,15,79.291,70.43,16.517
Hillsboro,47.353,-96.922,886,2016,8,22,79.073,69.867,20.784
Hillsboro,47.353,-96.922,886,2016,8,29,79.24,69.831,17.071
Hillsboro,47.353,-96.922,886,2016,9,5,73.716,64.752,18.36
Hillsboro,47.353,-96.922,886,2016,9,12,68.692,61.357,16.079
Hillsboro,47.353,-96.922,886,2016,9,19,72.107,60.287,20.396
Hillsboro,47.353,-96.922,886,2016,9,26,68.694,56.481,17.617
Hillsboro,47.353,-96.922,886,2016,10,3,58.233,51.637,25.164
Hillsboro,47.353,-96.922,886,2016,10,10,59.425,48.586,20.302
Hillsboro,47.353,-96.922,886,2016,10,17,53.094,46.646,15.781
Hillsboro,47.353,-96.922,886,2016,10,24,51.264,47.126,19.387
Hillsboro,47.353,-96.922,886,2016,10,31,63.366,48.361,18.937
Hillsboro,47.353,-96.922,886,2016,11,7,58.52,46.725,23.327
Hillsboro,47.353,-96.922,886,2016,11,14,43.769,41.773,25.603
Hofflund,48.1647,-103.1086,1937,2016,8,1,84.779,81.158,22.43
Hofflund,48.1647,-103.1086,1937,2016,8,8,82.562,78.004,24.909
Hofflund,48.1647,-103.1086,1937,2016,8,15,82.871,77.818,18.062
Hofflund,48.1647,-103.1086,1937,2016,8,22,80.703,74.664,21.206
Hofflund,48.1647,-103.1086,1937,2016,8,29,81.757,75.053,23.583
Hofflund,48.1647,-103.1086,1937,2016,9,5,69.497,61.768,18.744
Hofflund,48.1647,-103.1086,1937,2016,9,12,69.131,61.47,19.404
Hofflund,48.1647,-103.1086,1937,2016,9,19,63.577,57.888,25.889
Hofflund,48.1647,-103.1086,1937,2016,9,26,70.726,59.259,17.977
Hofflund,48.1647,-103.1086,1937,2016,10,3,51.061,47.005,24.896
Hofflund,48.1647,-103.1086,1937,2016,10,10,53.63,45.261,22.352
Hofflund,48.1647,-103.1086,1937,2016,10,17,53.613,45.973,18.532
Hofflund,48.1647,-103.1086,1937,2016,10,24,55.21,47.422,17.708
Hofflund,48.1647,-103.1086,1937,2016,10,31,58.851,43.274,15.225
Hofflund,48.1647,-103.1086,1937,2016,11,7,57.773,42.313,19.215
Hofflund,48.1647,-103.1086,1937,2016,11,14,43.543,38.07,20.462
Humboldt,48.884,-97.15,798,2016,8,1,80.6,71.241,20.623
Humboldt,48.884,-97.15,798,2016,8,8,80.991,72.297,20.513
Humboldt,48.884,-97.15,798,2016,8,15,80.495,70.249,18.822
Humboldt,48.884,-97.15,798,2016,8,22,79.587,67.964,22.518
Humboldt,48.884,-97.15,798,2016,8,29,78.659,68.846,21.034
Humboldt,48.884,-97.15,798,2016,9,5,72.947,62.822,19.02
Humboldt,48.884,-97.15,798,2016,9,12,68.468,58.266,18.626
Humboldt,48.884,-97.15,798,2016,9,19,71.399,58.35,24.786
Humboldt,48.884,-97.15,798,2016,9,26,67.707,54.643,22.681
Humboldt,48.884,-97.15,798,2016,10,3,57.727,50.834,27.965
Humboldt,48.884,-97.15,798,2016,10,10,53.482,45.03,22.477
Humboldt,48.884,-97.15,798,2016,10,17,51.985,43.555,21.038
Humboldt,48.884,-97.15,798,2016,10,24,50.976,43.241,21.763
Humboldt,48.884,-97.15,798,2016,10,31,55.088,43.526,17.518
Humboldt,48.884,-97.15,798,2016,11,7,59.195,41.825,25.984
Humboldt,48.884,-97.15,798,2016,11,14,42.15,37.43,25.782
Inkster,48.1664,-97.7104,1149,2016,8,1,82.338,74.77,19.266
Inkster,48.1664,-97.7104,1149,2016,8,8,79.78,73.897,17.689
Inkster,48.1664,-97.7104,1149,2016,8,15,80.356,71.296,16.556
Inkster,48.1664,-97.7104,1149,2016,8,22,79.157,69.611,20.444
Inkster,48.1664,-97.7104,1149,2016,8,29,79.726,70.03,18.306
Inkster,48.1664,-97.7104,1149,2016,9,5,71.824,62.444,15.726
Inkster,48.1664,-97.7104,1149,2016,9,12,68.566,59.405,15.768
Inkster,48.1664,-97.7104,1149,2016,9,19,69.761,59.508,19.973
Inkster,48.1664,-97.7104,1149,2016,9,26,67.372,55.353,17.943
Inkster,48.1664,-97.7104,1149,2016,10,3,56.245,50.778,24.803
Inkster,48.1664,-97.7104,1149,2016,10,10,53.215,46.645,20.394
Inkster,48.1664,-97.7104,1149,2016,10,17,52.071,45.055,16.762
Inkster,48.1664,-97.7104,1149,2016,10,24,49.47,44.557,17.691
Inkster,48.1664,-97.7104,1149,2016,10,31,57.373,44.924,18.512
Inkster,48.1664,-97.7104,1149,2016,11,7,58.987,44.442,27.874
Inkster,48.1664,-97.7104,1149,2016,11,14,42.312,38.882,25.165
Jamestown,46.906,-98.927,1635,2016,8,1,81.757,74.244,23.097
Jamestown,46.906,-98.927,1635,2016,8,8,78.695,71.819,20.854
Jamestown,46.906,-98.927,1635,2016,8,15,76.879,68.507,22.579
Jamestown,46.906,-98.927,1635,2016,8,22,76.589,65.693,22.07
Jamestown,46.906,-98.927,1635,2016,8,29,77.262,66.06,20.844
Jamestown,46.906,-98.927,1635,2016,9,5,69.659,60.241,18.479
Jamestown,46.906,-98.927,1635,2016,9,12,67.681,57.178,19.203
Jamestown,46.906,-98.927,1635,2016,9,19,68.738,58.065,27.725
Jamestown,46.906,-98.927,1635,2016,9,26,69.065,53.231,22.042
Jamestown,46.906,-98.927,1635,2016,10,3,55.58,48.462,30.643
Jamestown,46.906,-98.927,1635,2016,10,10,56.818,45.121,21.582
Jamestown,46.906,-98.927,1635,2016,10,17,56.318,45.779,23.299
Jamestown,46.906,-98.927,1635,2016,10,24,50.845,44.767,20.173
Jamestown,46.906,-98.927,1635,2016,10,31,64.493,45.499,20.8
Jamestown,46.906,-98.927,1635,2016,11,7,59.314,42.877,24.195
Jamestown,46.906,-98.927,1635,2016,11,14,42.522,37.436,23.8
Karlsruhe,48.123,-100.625,1547,2016,8,1,84.105,78.36,20.249
Karlsruhe,48.123,-100.625,1547,2016,8,8,82.279,76.986,20.956
Karlsruhe,48.123,-100.625,1547,2016,8,15,81.215,73.363,20.226
Karlsruhe,48.123,-100.625,1547,2016,8,22,80.587,72.218,23.437
Karlsruhe,48.123,-100.625,1547,2016,8,29,77.779,71.329,20.066
Karlsruhe,48.123,-100.625,1547,2016,9,5,70.152,61.804,18.82
Karlsruhe,48.123,-100.625,1547,2016,9,12,67.555,59.781,22.309
Karlsruhe,48.123,-100.625,1547,2016,9,19,68.509,59.61,22.413
Karlsruhe,48.123,-100.625,1547,2016,9,26,71.186,58.037,18.244
Karlsruhe,48.123,-100.625,1547,2016,10,3,55.691,50.374,26.495
Karlsruhe,48.123,-100.625,1547,2016,10,10,54.08,45.99,20.888
Karlsruhe,48.123,-100.625,1547,2016,10,17,54.199,46.316,21.593
Karlsruhe,48.123,-100.625,1547,2016,10,24,54.183,45.518,19.15
Karlsruhe,48.123,-100.625,1547,2016,10,31,62.095,44.63,16.155
Karlsruhe,48.123,-100.625,1547,2016,11,7,59.908,44.372,26.243
Karlsruhe,48.123,-100.625,1547,2016,11,14,44.042,39.343,23.67
Kennedy,48.636709,-97.041117,801,2016,8,1,80.127,74.769,21.278
Kennedy,48.636709,-97.041117,801,2016,8,8,79.654,74.92,18.62
Kennedy,48.636709,-97.041117,801,2016,8,15,78.959,73.294,18.586
Kennedy,48.636709,-97.041117,801,2016,8,22,78.27,69.752,23.382
Kennedy,48.636709,-97.041117,801,2016,8,29,77.679,69.928,21.272
Kennedy,48.636709,-97.041117,801,2016,9,5,70.474,63.928,18.349
Kennedy,48.636709,-97.041117,801,2016,9,12,66.557,60.074,23.498
Kennedy,48.636709,-97.041117,801,2016,9,19,70.003,60.172,23.482
Kennedy,48.636709,-97.041117,801,2016,9,26,65.961,56.37,20.79
Kennedy,48.636709,-97.041117,801,2016,10,3,56.322,51.789,28.009
Kennedy,48.636709,-97.041117,801,2016,10,10,53.632,47.129,22.164
Kennedy,48.636709,-97.041117,801,2016,10,17,50.656,44.563,20.878
Kennedy,48.636709,-97.041117,801,2016,10,24,49.574,44.224,21.315
Kennedy,48.636709,-97.041117,801,2016,10,31,54.889,44.148,16.944
Kennedy,48.636709,-97.041117,801,2016,11,7,57.513,43.973,24.451
Kennedy,48.636709,-97.041117,801,2016,11,14,41.235,38.676,25.558
Langdon,48.759878,-98.344569,1616,2016,8,1,76.913,69.981,21.357
Langdon,48.759878,-98.344569,1616,2016,8,8,75.789,70.817,21.971
Langdon,48.759878,-98.344569,1616,2016,8,15,76.997,69.345,20.087
Langdon,48.759878,-98.344569,1616,2016,8,22,77.203,68.141,20.987
Langdon,48.759878,-98.344569,1616,2016,8,29,75.226,68.564,21.377
Langdon,48.759878,-98.344569,1616,2016,9,5,68.784,60.88,18.02
Langdon,48.759878,-98.344569,1616,2016,9,12,64.773,57.67,19.885
Langdon,48.759878,-98.344569,1616,2016,9,19,65.506,56.938,24.074
Langdon,48.759878,-98.344569,1616,2016,9,26,66.056,53.985,20.033
Langdon,48.759878,-98.344569,1616,2016,10,3,53.412,49.321,28.16
Langdon,48.759878,-98.344569,1616,2016,10,10,49.497,44.344,20.877
Langdon,48.759878,-98.344569,1616,2016,10,17,49.368,43.251,21.729
Langdon,48.759878,-98.344569,1616,2016,10,24,47.61,42.779,20.74
Langdon,48.759878,-98.344569,1616,2016,10,31,54.731,43.044,18.05
Langdon,48.759878,-98.344569,1616,2016,11,7,55.185,42.224,26.709
Langdon,48.759878,-98.344569,1616,2016,11,14,38.691,36.397,22.977
Leonard,46.732,-97.241,953,2016,8,1,83.457,78.718,19.84
Leonard,46.732,-97.241,953,2016,8,8,80.78,76.629,21.239
Leonard,46.732,-97.241,953,2016,8,15,77.892,73.41,19.552
Leonard,46.732,-97.241,953,2016,8,22,79.726,71.865,22.017
Leonard,46.732,-97.241,953,2016,8,29,81.677,73.243,21.016
Leonard,46.732,-97.241,953,2016,9,5,74.002,67.356,18.517
Leonard,46.732,-97.241,953,2016,9,12,70.152,63.75,19.268
Leonard,46.732,-97.241,953,2016,9,19,72.503,62.435,25.946
Leonard,46.732,-97.241,953,2016,9,26,70.327,59.111,24.085
Leonard,46.732,-97.241,953,2016,10,3,58.102,54.002,30.056
Leonard,46.732,-97.241,953,2016,10,10,60.868,50.211,24.961
Leonard,46.732,-97.241,953,2016,10,17,55.497,47.622,20.074
Leonard,46.732,-97.241,953,2016,10,24,52.648,46.88,22.425
Leonard,46.732,-97.241,953,2016,10,31,65.675,47.948,20.249
Leonard,46.732,-97.241,953,2016,11,7,59.851,46.711,22.072
Leonard,46.732,-97.241,953,2016,11,14,43.849,41.879,26.73
Linton,46.328,-100.277,1993,2016,8,1,85.403,82.145,25.406
Linton,46.328,-100.277,1993,2016,8,8,84.753,80.613,38.618
Linton,46.328,-100.277,1993,2016,8,15,78.579,75.908,23.976
Linton,46.328,-100.277,1993,2016,8,22,79.271,72.381,24.813
Linton,46.328,-100.277,1993,2016,8,29,82.225,74.853,28.509
Linton,46.328,-100.277,1993,2016,9,5,70.309,62.649,22.401
Linton,46.328,-100.277,1993,2016,9,12,69.193,61.939,24.479
Linton,46.328,-100.277,1993,2016,9,19,70.538,62.88,33.082
Linton,46.328,-100.277,1993,2016,9,26,72.238,61.394,25.294
Linton,46.328,-100.277,1993,2016,10,3,58.614,54.273,34.791
Linton,46.328,-100.277,1993,2016,10,10,59.824,51.501,25.497
Linton,46.328,-100.277,1993,2016,10,17,58.38,49.482,24.609
Linton,46.328,-100.277,1993,2016,10,24,57.153,50.285,22.486
Linton,46.328,-100.277,1993,2016,10,31,67.622,52.014,21.743
Linton,46.328,-100.277,1993,2016,11,7,61.214,47.774,23.315
Linton,46.328,-100.277,1993,2016,11,14,45.819,41.104,28.254
Lisbon,46.444766,-97.721064,1210,2016,8,1,84.776,78.45,22.849
Lisbon,46.444766,-97.721064,1210,2016,8,8,82.331,76.433,21.867
Lisbon,46.444766,-97.721064,1210,2016,8,15,78.841,74.754,21.112
Lisbon,46.444766,-97.721064,1210,2016,8,22,79.877,73.45,23.113
Lisbon,46.444766,-97.721064,1210,2016,8,29,82.979,73.784,21.11
Lisbon,46.444766,-97.721064,1210,2016,9,5,74.079,67.911,20.781
Lisbon,46.444766,-97.721064,1210,2016,9,12,71.047,64.1,19.522
Lisbon,46.444766,-97.721064,1210,2016,9,19,71.919,63.567,25.803
Lisbon,46.444766,-97.721064,1210,2016,9,26,70.787,59.133,22.116
Lisbon,46.444766,-97.721064,1210,2016,10,3,58.09,53.961,27.724
Lisbon,46.444766,-97.721064,1210,2016,10,10,61.17,50.535,23.341
Lisbon,46.444766,-97.721064,1210,2016,10,17,57.192,48.496,19.885
Lisbon,46.444766,-97.721064,1210,2016,10,24,52.64,47.124,20.737
Lisbon,46.444766,-97.721064,1210,2016,10,31,66.367,47.339,20.419
Lisbon,46.444766,-97.721064,1210,2016,11,7,59.748,45.626,25.688
Lisbon,46.444766,-97.721064,1210,2016,11,14,43.949,40.848,28.316
Mandan,46.774,-100.914,1942,2016,8,1,85.689,76.985,22.702
Mandan,46.774,-100.914,1942,2016,8,8,84.375,73.416,29.837
Mandan,46.774,-100.914,1942,2016,8,15,78.836,71.272,21.12
Mandan,46.774,-100.914,1942,2016,8,22,80.003,69.942,24.483
Mandan,46.774,-100.914,1942,2016,8,29,80.808,71.285,26.057
Mandan,46.774,-100.914,1942,2016,9,5,71.631,59.565,21.621
Mandan,46.774,-100.914,1942,2016,9,12,69.211,60.015,22.442
Mandan,46.774,-100.914,1942,2016,9,19,69.779,60.351,26.916
Mandan,46.774,-100.914,1942,2016,9,26,72.593,58.695,21.635
Mandan,46.774,-100.914,1942,2016,10,3,56.588,49.772,28.793
Mandan,46.774,-100.914,1942,2016,10,10,59.907,49.171,21.774
Mandan,46.774,-100.914,1942,2016,10,17,58.943,48.29,22.234
Mandan,46.774,-100.914,1942,2016,10,24,57.892,49.187,19.467
Mandan,46.774,-100.914,1942,2016,10,31,68.429,47.985,21.187
Mandan,46.774,-100.914,1942,2016,11,7,62.25,44.686,22.403
Mandan,46.774,-100.914,1942,2016,11,14,46.371,39.685,23.523
Marion,46.5645,-98.3276,1453,2016,8,1,82.966,76.445,20.918
Marion,46.5645,-98.3276,1453,2016,8,8,79.947,74.282,22.305
Marion,46.5645,-98.3276,1453,2016,8,15,76.689,71.273,18.628
Marion,46.5645,-98.3276,1453,2016,8,22,77.836,68.883,20.313
Marion,46.5645,-98.3276,1453,2016,8,29,80.263,71.392,20.664
Marion,46.5645,-98.3276,1453,2016,9,5,73.004,63.251,16.08
Marion,46.5645,-98.3276,1453,2016,9,12,70.672,61.079,18.467
Marion,46.5645,-98.3276,1453,2016,9,19,71.618,61.136,26.385
Marion,46.5645,-98.3276,1453,2016,9,26,71.325,57.228,24.094
Marion,46.5645,-98.3276,1453,2016,10,3,57.601,51.429,29.419
Marion,46.5645,-98.3276,1453,2016,10,10,59.98,48.948,23.478
Marion,46.5645,-98.3276,1453,2016,10,17,55.809,46.9,22.404
Marion,46.5645,-98.3276,1453,2016,10,24,52.349,46.063,21.304
Marion,46.5645,-98.3276,1453,2016,10,31,64.904,46.325,19.096
Marion,46.5645,-98.3276,1453,2016,11,7,59.321,44.213,24.446
Marion,46.5645,-98.3276,1453,2016,11,14,43.104,39.028,26.467
Mavie,48.121,-95.971,1168,2016,8,1,79.569,66.194,21.504
Mavie,48.121,-95.971,1168,2016,8,8,78.815,65.736,19.28
Mavie,48.121,-95.971,1168,2016,8,15,77.165,63.601,16.89
Mavie,48.121,-95.971,1168,2016,8,22,75.725,62.074,20.367
Mavie,48.121,-95.971,1168,2016,8,29,75.606,61.115,19.246
Mavie,48.121,-95.971,1168,2016,9,5,70.589,59.161,16.677
Mavie,48.121,-95.971,1168,2016,9,12,64.773,55.446,17.048
Mavie,48.121,-95.971,1168,2016,9,19,70.042,57.055,22.771
Mavie,48.121,-95.971,1168,2016,9,26,64.346,53.988,17.339
Mavie,48.121,-95.971,1168,2016,10,3,57.037,50.419,26.145
Mavie,48.121,-95.971,1168,2016,10,10,55.79,46.558,22.649
Mavie,48.121,-95.971,1168,2016,10,17,51.139,44.643,18.576
Mavie,48.121,-95.971,1168,2016,10,24,50.342,43.904,18.862
Mavie,48.121,-95.971,1168,2016,10,31,57.709,43.268,17.379
Mavie,48.121,-95.971,1168,2016,11,7,56.579,41.988,24.238
Mavie,48.121,-95.971,1168,2016,11,14,41.007,37.938,21.773
Mayville,47.498,-97.262,952,2016,8,1,83.11,77.78,17.746
Mayville,47.498,-97.262,952,2016,8,8,80.214,73.334,17.644
Mayville,47.498,-97.262,952,2016,8,15,78.741,72.342,16.364
Mayville,47.498,-97.262,952,2016,8,22,78.018,70.506,19.079
Mayville,47.498,-97.262,952,2016,8,29,79.031,70.407,17.543
Mayville,47.498,-97.262,952,2016,9,5,72.356,63.273,17.175
Mayville,47.498,-97.262,952,2016,9,12,67.964,59.595,16.23
Mayville,47.498,-97.262,952,2016,9,19,71.502,59.99,19.684
Mayville,47.498,-97.262,952,2016,9,26,68.946,56.388,18.392
Mayville,47.498,-97.262,952,2016,10,3,57.782,52.581,24.564
Mayville,47.498,-97.262,952,2016,10,10,57.84,48.035,22.264
Mayville,47.498,-97.262,952,2016,10,17,53.394,46.434,18.254
Mayville,47.498,-97.262,952,2016,10,24,50.943,45.917,20.453
Mayville,47.498,-97.262,952,2016,10,31,63.456,46.502,17.008
Mayville,47.498,-97.262,952,2016,11,7,58.48,45.042,22.751
Mayville,47.498,-97.262,952,2016,11,14,43.317,40.522,24.94
McHenry,47.685,-98.623,1676,2016,8,1,80.546,74.138,24.481
McHenry,47.685,-98.623,1676,2016,8,8,77.296,70.821,26.157
McHenry,47.685,-98.623,1676,2016,8,15,77.185,71.021,24.403
McHenry,47.685,-98.623,1676,2016,8,22,76.977,68.293,25.706
McHenry,47.685,-98.623,1676,2016,8,29,77.262,69.978,24.375
McHenry,47.685,-98.623,1676,2016,9,5,69.859,60.698,23.502
McHenry,47.685,-98.623,1676,2016,9,12,66.56,59.762,23.611
McHenry,47.685,-98.623,1676,2016,9,19,68.275,60.355,30.077
McHenry,47.685,-98.623,1676,2016,9,26,68.085,56.671,25.454
McHenry,47.685,-98.623,1676,2016,10,3,54.719,49.946,33.137
McHenry,47.685,-98.623,1676,2016,10,10,54.289,47.348,26.261
McHenry,47.685,-98.623,1676,2016,10,17,53.776,47.069,23.158
McHenry,47.685,-98.623,1676,2016,10,24,50.732,45.071,23.811
McHenry,47.685,-98.623,1676,2016,10,31,60.459,45.873,20.91
McHenry,47.685,-98.623,1676,2016,11,7,57.917,45.023,26.71
McHenry,47.685,-98.623,1676,2016,11,14,41.337,39.362,27.99
Michigan,48.019,-98.172,1521,2016,8,1,79.733,68.716,21.206
Michigan,48.019,-98.172,1521,2016,8,8,76.918,67.752,21.696
Michigan,48.019,-98.172,1521,2016,8,15,76.766,66.949,19.043
Michigan,48.019,-98.172,1521,2016,8,22,75.671,65.072,20.621
Michigan,48.019,-98.172,1521,2016,8,29,76.337,64.59,20.238
Michigan,48.019,-98.172,1521,2016,9,5,69.07,60.056,18.432
Michigan,48.019,-98.172,1521,2016,9,12,65.858,56.518,18.436
Michigan,48.019,-98.172,1521,2016,9,19,66.377,56.496,23.778
Michigan,48.019,-98.172,1521,2016,9,26,66.659,55.267,20.577
Michigan,48.019,-98.172,1521,2016,10,3,53.495,49.732,26.626
Michigan,48.019,-98.172,1521,2016,10,10,52.338,45.651,21.29
Michigan,48.019,-98.172,1521,2016,10,17,51.999,44.838,19.374
Michigan,48.019,-98.172,1521,2016,10,24,50.161,44.203,19.649
Michigan,48.019,-98.172,1521,2016,10,31,59.315,44.546,16.036
Michigan,48.019,-98.172,1521,2016,11,7,56.823,43.043,21.656
Michigan,48.019,-98.172,1521,2016,11,14,40.596,37.915,22.486
Minot,48.18,-101.293,1781,2016,8,1,84.691,78.18,19.47
Minot,48.18,-101.293,1781,2016,8,8,83.135,77.521,21.486
Minot,48.18,-101.293,1781,2016,8,15,81.6,73.345,20.481
Minot,48.18,-101.293,1781,2016,8,22,81.107,72.509,23.749
Minot,48.18,-101.293,1781,2016,8,29,78.371,72.344,22.36
Minot,48.18,-101.293,1781,2016,9,5,69.309,60.119,20.527
Minot,48.18,-101.293,1781,2016,9,12,67.172,58.39,20.902
Minot,48.18,-101.293,1781,2016,9,19,66.951,58.478,22.484
Minot,48.18,-101.293,1781,2016,9,26,70.865,57.136,17.2
Minot,48.18,-101.293,1781,2016,10,3,52.229,48.018,24.936
Minot,48.18,-101.293,1781,2016,10,10,53.257,44.689,19.856
Minot,48.18,-101.293,1781,2016,10,17,52.572,45.264,19.768
Minot,48.18,-101.293,1781,2016,10,24,54.453,45.387,19.033
Minot,48.18,-101.293,1781,2016,10,31,61.463,44.434,17.816
Minot,48.18,-101.293,1781,2016,11,7,58.913,44.762,24.96
Minot,48.18,-101.293,1781,2016,11,14,42.954,38.328,22.061
Mohall,48.76383333,-101.5336167,1642,2016,8,1,82.811,75.701,20.485
Mohall,48.76383333,-101.5336167,1642,2016,8,8,80.309,73.483,21.047
Mohall,48.76383333,-101.5336167,1642,2016,8,15,80.225,73.251,23.594
Mohall,48.76383333,-101.5336167,1642,2016,8,22,79.669,70.783,21.781
Mohall,48.76383333,-101.5336167,1642,2016,8,29,76.55,68.992,22.708
Mohall,48.76383333,-101.5336167,1642,2016,9,5,68.458,59.909,19.117
Mohall,48.76383333,-101.5336167,1642,2016,9,12,67.946,58.746,21.568
Mohall,48.76383333,-101.5336167,1642,2016,9,19,64.714,57.823,22.485
Mohall,48.76383333,-101.5336167,1642,2016,9,26,68.851,56.438,18.702
Mohall,48.76383333,-101.5336167,1642,2016,10,3,51.481,47.769,24.445
Mohall,48.76383333,-101.5336167,1642,2016,10,10,51.527,44.538,19.514
Mohall,48.76383333,-101.5336167,1642,2016,10,17,50.324,43.964,21.646
Mohall,48.76383333,-101.5336167,1642,2016,10,24,52.847,43.873,21.402
Mohall,48.76383333,-101.5336167,1642,2016,10,31,59.805,43.245,16.508
Mohall,48.76383333,-101.5336167,1642,2016,11,7,58.144,43.939,23.552
Mohall,48.76383333,-101.5336167,1642,2016,11,14,42.622,38.307,23.67
Mott,46.38,-102.322,2473,2016,8,1,85.979,76.738,23.947
Mott,46.38,-102.322,2473,2016,8,8,85.573,75.064,30.771
Mott,46.38,-102.322,2473,2016,8,15,80.677,71.504,21.205
Mott,46.38,-102.322,2473,2016,8,22,81.503,68.547,26.07
Mott,46.38,-102.322,2473,2016,8,29,81.863,71.374,26.704
Mott,46.38,-102.322,2473,2016,9,5,71.05,60.073,23.297
Mott,46.38,-102.322,2473,2016,9,12,68.375,60.693,24.301
Mott,46.38,-102.322,2473,2016,9,19,67.47,60.455,26.485
Mott,46.38,-102.322,2473,2016,9,26,74.575,59.585,20.07
Mott,46.38,-102.322,2473,2016,10,3,55.441,49.747,27.582
Mott,46.38,-102.322,2473,2016,10,10,60.161,48.943,21.849
Mott,46.38,-102.322,2473,2016,10,17,57.678,47.17,18.436
Mott,46.38,-102.322,2473,2016,10,24,59.611,48.619,18.063
Mott,46.38,-102.322,2473,2016,10,31,68.525,47.188,21.966
Mott,46.38,-102.322,2473,2016,11,7,62.33,43.476,20.427
Mott,46.38,-102.322,2473,2016,11,14,46.56,39.828,21.103
Oakes,46.073734,-98.093426,1318,2016,8,1,85.146,80.429,19.118
Oakes,46.073734,-98.093426,1318,2016,8,8,83.963,78.804,21.22
Oakes,46.073734,-98.093426,1318,2016,8,15,80.523,75.77,19.163
Oakes,46.073734,-98.093426,1318,2016,8,22,81.019,73.155,21.281
Oakes,46.073734,-98.093426,1318,2016,8,29,84.311,76.411,19.179
Oakes,46.073734,-98.093426,1318,2016,9,5,75.002,67.179,16.198
Oakes,46.073734,-98.093426,1318,2016,9,12,72.729,64.487,16.899
Oakes,46.073734,-98.093426,1318,2016,9,19,74.501,64.081,23.883
Oakes,46.073734,-98.093426,1318,2016,9,26,74.102,60.473,19.289
Oakes,46.073734,-98.093426,1318,2016,10,3,61.062,52.112,25.558
Oakes,46.073734,-98.093426,1318,2016,10,10,63.686,50.982,20.993
Oakes,46.073734,-98.093426,1318,2016,10,17,59.99,48.39,17.452
Oakes,46.073734,-98.093426,1318,2016,10,24,56.603,47.187,18.669
Oakes,46.073734,-98.093426,1318,2016,10,31,69.527,48.687,17.455
Oakes,46.073734,-98.093426,1318,2016,11,7,61.6,45.158,22.234
Oakes,46.073734,-98.093426,1318,2016,11,14,45.912,38.231,25.801
Pekin,47.807624,-98.310573,1506,2016,8,1,80.906,75.386,23.661
Pekin,47.807624,-98.310573,1506,2016,8,8,78.07,73.895,23.722
Pekin,47.807624,-98.310573,1506,2016,8,15,77.705,73.193,21.223
Pekin,47.807624,-98.310573,1506,2016,8,22,76.529,70.424,22.511
Pekin,47.807624,-98.310573,1506,2016,8,29,77.525,71.542,22.095
Pekin,47.807624,-98.310573,1506,2016,9,5,69.736,62.516,21.269
Pekin,47.807624,-98.310573,1506,2016,9,12,66.197,59.855,21.696
Pekin,47.807624,-98.310573,1506,2016,9,19,67.565,60.673,27.873
Pekin,47.807624,-98.310573,1506,2016,9,26,67.283,56.923,22.746
Pekin,47.807624,-98.310573,1506,2016,10,3,53.932,49.355,29.95
Pekin,47.807624,-98.310573,1506,2016,10,10,53.159,46.356,24.003
Pekin,47.807624,-98.310573,1506,2016,10,17,52.423,45.597,20.931
Pekin,47.807624,-98.310573,1506,2016,10,24,50.429,44.704,22.094
Pekin,47.807624,-98.310573,1506,2016,10,31,59.797,45.565,18.634
Pekin,47.807624,-98.310573,1506,2016,11,7,57.33,43.677,24.048
Pekin,47.807624,-98.310573,1506,2016,11,14,41.209,37.909,26.358
Perley,47.179,-96.68,895,2016,8,1,84.228,77.042,20.409
Perley,47.179,-96.68,895,2016,8,8,81.253,75.256,19.49
Perley,47.179,-96.68,895,2016,8,15,78.725,72.395,19.637
Perley,47.179,-96.68,895,2016,8,22,79.332,69.722,25.558
Perley,47.179,-96.68,895,2016,8,29,79.577,70.703,21.286
Perley,47.179,-96.68,895,2016,9,5,73.505,66.6,19.445
Perley,47.179,-96.68,895,2016,9,12,68.419,62.862,18.956
Perley,47.179,-96.68,895,2016,9,19,71.513,61.139,23.835
Perley,47.179,-96.68,895,2016,9,26,68.669,57.989,21.452
Perley,47.179,-96.68,895,2016,10,3,58.844,53.367,27.519
Perley,47.179,-96.68,895,2016,10,10,60.037,50.107,23.331
Perley,47.179,-96.68,895,2016,10,17,53.345,46.943,18.126
Perley,47.179,-96.68,895,2016,10,24,51.756,46.739,18.566
Perley,47.179,-96.68,895,2016,10,31,64.048,47.426,18.052
Perley,47.179,-96.68,895,2016,11,7,59.157,45.66,21.593
Perley,47.179,-96.68,895,2016,11,14,43.689,40.587,25.62
Pillsbury,47.225,-97.791,1287,2016,8,1,82.565,71.75,17.561
Pillsbury,47.225,-97.791,1287,2016,8,8,79.366,69.934,21.569
Pillsbury,47.225,-97.791,1287,2016,8,15,77.838,67.808,17.933
Pillsbury,47.225,-97.791,1287,2016,8,22,77.694,66.202,19.374
Pillsbury,47.225,-97.791,1287,2016,8,29,78.062,66.009,18.659
Pillsbury,47.225,-97.791,1287,2016,9,5,71.762,61.92,17.658
Pillsbury,47.225,-97.791,1287,2016,9,12,69.594,58.145,16.753
Pillsbury,47.225,-97.791,1287,2016,9,19,69.731,58.919,24.41
Pillsbury,47.225,-97.791,1287,2016,9,26,69.44,54.731,21.955
Pillsbury,47.225,-97.791,1287,2016,10,3,56.167,50.478,27.667
Pillsbury,47.225,-97.791,1287,2016,10,10,57.273,46.196,24.206
Pillsbury,47.225,-97.791,1287,2016,10,17,54.992,46.029,23.184
Pillsbury,47.225,-97.791,1287,2016,10,24,51.684,44.994,20.646
Pillsbury,47.225,-97.791,1287,2016,10,31,64.675,45.236,19.938
Pillsbury,47.225,-97.791,1287,2016,11,7,58.802,43.271,24.768
Pillsbury,47.225,-97.791,1287,2016,11,14,43.384,38.987,26.237
Plaza,47.862,-101.958,2117,2016,8,1,83.359,74.099,19.564
Plaza,47.862,-101.958,2117,2016,8,8,82.637,73.558,21.036
Plaza,47.862,-101.958,2117,2016,8,15,81.747,70.919,19.856
Plaza,47.862,-101.958,2117,2016,8,22,81.307,68.606,22.526
Plaza,47.862,-101.958,2117,2016,8,29,80.235,69.301,21.944
Plaza,47.862,-101.958,2117,2016,9,5,69.35,57.621,21.453
Plaza,47.862,-101.958,2117,2016,9,12,67.769,56.654,21.452
Plaza,47.862,-101.958,2117,2016,9,19,66.385,56.284,23.735
Plaza,47.862,-101.958,2117,2016,9,26,72.145,54.496,18.299
Plaza,47.862,-101.958,2117,2016,10,3,51.159,46.507,26.105
Plaza,47.862,-101.958,2117,2016,10,10,54.357,42.854,20.012
Plaza,47.862,-101.958,2117,2016,10,17,54.335,44.949,20.121
Plaza,47.862,-101.958,2117,2016,10,24,55.074,45.585,18.978
Plaza,47.862,-101.958,2117,2016,10,31,61.84,43.834,16.398
Plaza,47.862,-101.958,2117,2016,11,7,59.172,41.371,20.247
Plaza,47.862,-101.958,2117,2016,11,14,43.348,37.861,20.56
Prosper,47.002,-97.115,934,2016,8,1,84.257,75.137,18.959
Prosper,47.002,-97.115,934,2016,8,8,82.017,72.582,18.308
Prosper,47.002,-97.115,934,2016,8,15,79.71,68.949,18.798
Prosper,47.002,-97.115,934,2016,8,22,81.312,68.71,22.262
Prosper,47.002,-97.115,934,2016,8,29,81.31,69.637,20.75
Prosper,47.002,-97.115,934,2016,9,5,74.773,63.691,19.619
Prosper,47.002,-97.115,934,2016,9,12,70.276,59.885,20.481
Prosper,47.002,-97.115,934,2016,9,19,70.957,58.805,25.325
Prosper,47.002,-97.115,934,2016,9,26,69.818,55.694,22.516
Prosper,47.002,-97.115,934,2016,10,3,58.035,51.188,28.285
Prosper,47.002,-97.115,934,2016,10,10,60.192,47.544,24.714
Prosper,47.002,-97.115,934,2016,10,17,54.334,45.789,19.821
Prosper,47.002,-97.115,934,2016,10,24,52.084,45.467,20.726
Prosper,47.002,-97.115,934,2016,10,31,65.015,46.513,19.748
Prosper,47.002,-97.115,934,2016,11,7,59.321,44.373,23.828
Prosper,47.002,-97.115,934,2016,11,14,44.209,39.144,27.459
Robinson,47.173,-99.798,1829,2016,8,1,83.547,74.015,24.951
Robinson,47.173,-99.798,1829,2016,8,8,81.343,72.592,28.584
Robinson,47.173,-99.798,1829,2016,8,15,78.098,70.206,22.274
Robinson,47.173,-99.798,1829,2016,8,22,77.741,67.364,24.109
Robinson,47.173,-99.798,1829,2016,8,29,78.214,67.966,25.666
Robinson,47.173,-99.798,1829,2016,9,5,69.322,59.958,21.689
Robinson,47.173,-99.798,1829,2016,9,12,66.105,58.456,22.348
Robinson,47.173,-99.798,1829,2016,9,19,68.553,58.997,30.229
Robinson,47.173,-99.798,1829,2016,9,26,68.699,55.642,23.843
Robinson,47.173,-99.798,1829,2016,10,3,55.034,50.458,30.764
Robinson,47.173,-99.798,1829,2016,10,10,56.592,47.03,21.144
Robinson,47.173,-99.798,1829,2016,10,17,56.297,46.966,24.375
Robinson,47.173,-99.798,1829,2016,10,24,52.314,45.678,21.992
Robinson,47.173,-99.798,1829,2016,10,31,64.014,45.127,18.019
Robinson,47.173,-99.798,1829,2016,11,7,58.573,42.442,23.914
Robinson,47.173,-99.798,1829,2016,11,14,43.333,38.831,25.805
Rolla,48.843,-99.614,1810,2016,8,1,78.718,72.671,17.87
Rolla,48.843,-99.614,1810,2016,8,8,77.458,72.191,19.598
Rolla,48.843,-99.614,1810,2016,8,15,78.234,69.124,20.096
Rolla,48.843,-99.614,1810,2016,8,22,77.231,67.537,21.123
Rolla,48.843,-99.614,1810,2016,8,29,75.93,67.918,20.003
Rolla,48.843,-99.614,1810,2016,9,5,68.077,59.723,19.067
Rolla,48.843,-99.614,1810,2016,9,12,64.529,56.137,20.18
Rolla,48.843,-99.614,1810,2016,9,19,64.865,56.759,23.438
Rolla,48.843,-99.614,1810,2016,9,26,67.205,54.456,21.72
Rolla,48.843,-99.614,1810,2016,10,3,52.138,47.46,25.761
Rolla,48.843,-99.614,1810,2016,10,10,48.813,42.372,21.02
Rolla,48.843,-99.614,1810,2016,10,17,51.604,42.91,20.07
Rolla,48.843,-99.614,1810,2016,10,24,49.255,42.658,20.377
Rolla,48.843,-99.614,1810,2016,10,31,55.41,41.964,16.62
Rolla,48.843,-99.614,1810,2016,11,7,55.459,40.787,23.735
Rolla,48.843,-99.614,1810,2016,11,14,40.522,36.395,20
Roseau,48.685,-95.734,1108,2016,8,1,80.363,69.328,22.688
Roseau,48.685,-95.734,1108,2016,8,8,80.723,69.835,19.865
Roseau,48.685,-95.734,1108,2016,8,15,79.708,67.959,18.957
Roseau,48.685,-95.734,1108,2016,8,22,77.71,65.134,21.079
Roseau,48.685,-95.734,1108,2016,8,29,78.088,63.871,21.455
Roseau,48.685,-95.734,1108,2016,9,5,72.132,61.038,17.603
Roseau,48.685,-95.734,1108,2016,9,12,67.038,57.326,18.684
Roseau,48.685,-95.734,1108,2016,9,19,69.273,58.49,24.216
Roseau,48.685,-95.734,1108,2016,9,26,63.703,54.647,17.849
Roseau,48.685,-95.734,1108,2016,10,3,58.034,51.592,25.548
Roseau,48.685,-95.734,1108,2016,10,10,55.747,47.512,21.443
Roseau,48.685,-95.734,1108,2016,10,17,52.272,45.184,18.094
Roseau,48.685,-95.734,1108,2016,10,24,50.811,44.02,18.948
Roseau,48.685,-95.734,1108,2016,10,31,56.665,44.161,16.507
Roseau,48.685,-95.734,1108,2016,11,7,57.232,43.166,23.694
Roseau,48.685,-95.734,1108,2016,11,14,41.516,38.588,20.837
Ross,48.27014,-102.480872,2317,2016,8,1,81.369,65.769,19.724
Ross,48.27014,-102.480872,2317,2016,8,8,79.443,64.822,22.134
Ross,48.27014,-102.480872,2317,2016,8,15,79.109,63.303,18.842
Ross,48.27014,-102.480872,2317,2016,8,22,78.432,61.987,21.018
Ross,48.27014,-102.480872,2317,2016,8,29,78.214,61.94,24.054
Ross,48.27014,-102.480872,2317,2016,9,5,66.943,56.057,18.683
Ross,48.27014,-102.480872,2317,2016,9,12,67.149,53.994,19.161
Ross,48.27014,-102.480872,2317,2016,9,19,62.798,53.583,22.618
Ross,48.27014,-102.480872,2317,2016,9,26,69.275,51.661,19.044
Ross,48.27014,-102.480872,2317,2016,10,3,48.812,47.727,25.453
Ross,48.27014,-102.480872,2317,2016,10,10,51.806,43.54,22.08
Ross,48.27014,-102.480872,2317,2016,10,17,51.409,44.122,19.524
Ross,48.27014,-102.480872,2317,2016,10,24,53.632,44.69,19.612
Ross,48.27014,-102.480872,2317,2016,10,31,59.323,42.479,17.489
Ross,48.27014,-102.480872,2317,2016,11,7,56.128,41.155,20.857
Ross,48.27014,-102.480872,2317,2016,11,14,40.619,38.763,21.117
Rugby,48.354,-100.063,1494,2016,8,1,82.482,71.754,18.777
Rugby,48.354,-100.063,1494,2016,8,8,80.489,71.869,18.747
Rugby,48.354,-100.063,1494,2016,8,15,80.137,69.874,18.584
Rugby,48.354,-100.063,1494,2016,8,22,79.906,68.443,21.018
Rugby,48.354,-100.063,1494,2016,8,29,78.808,68.706,18.395
Rugby,48.354,-100.063,1494,2016,9,5,70.597,60.663,17.795
Rugby,48.354,-100.063,1494,2016,9,12,67.126,57.827,20.394
Rugby,48.354,-100.063,1494,2016,9,19,68.381,57.887,23.259
Rugby,48.354,-100.063,1494,2016,9,26,70.271,54.853,19.192
Rugby,48.354,-100.063,1494,2016,10,3,55.066,49.4,23.788
Rugby,48.354,-100.063,1494,2016,10,10,52.369,44.725,20.013
Rugby,48.354,-100.063,1494,2016,10,17,53.298,44.897,18.169
Rugby,48.354,-100.063,1494,2016,10,24,52.061,44.318,17.531
Rugby,48.354,-100.063,1494,2016,10,31,59.712,43.645,15.195
Rugby,48.354,-100.063,1494,2016,11,7,59.787,41.629,23.36
Rugby,48.354,-100.063,1494,2016,11,14,42.76,38.031,23.225
Sabin,46.794389,-96.611683,919,2016,8,1,83.601,80.499,19.01
Sabin,46.794389,-96.611683,919,2016,8,8,81.585,77.101,21.39
Sabin,46.794389,-96.611683,919,2016,8,15,77.517,73.743,20.599
Sabin,46.794389,-96.611683,919,2016,8,22,79.811,72.882,22.581
Sabin,46.794389,-96.611683,919,2016,8,29,81.389,74.454,21.304
Sabin,46.794389,-96.611683,919,2016,9,5,74.807,67.383,17.677
Sabin,46.794389,-96.611683,919,2016,9,12,69.828,63.426,18.733
Sabin,46.794389,-96.611683,919,2016,9,19,72.418,62.463,24.846
Sabin,46.794389,-96.611683,919,2016,9,26,69.417,59.149,21.472
Sabin,46.794389,-96.611683,919,2016,10,3,58.319,52.78,28.071
Sabin,46.794389,-96.611683,919,2016,10,10,61.067,49.771,24.969
Sabin,46.794389,-96.611683,919,2016,10,17,53.499,46.041,17.486
Sabin,46.794389,-96.611683,919,2016,10,24,51.339,45.939,21.837
Sabin,46.794389,-96.611683,919,2016,10,31,63.505,47.663,19.044
Sabin,46.794389,-96.611683,919,2016,11,7,59.483,45.75,22.774
Sabin,46.794389,-96.611683,919,2016,11,14,42.495,39.268,27.123
Sidney,47.729819,-104.152406,1950,2016,8,1,87.323,74.753,21.507
Sidney,47.729819,-104.152406,1950,2016,8,8,82.495,71.154,23.331
Sidney,47.729819,-104.152406,1950,2016,8,15,83.015,71.697,19.876
Sidney,47.729819,-104.152406,1950,2016,8,22,79.872,68.566,21.828
Sidney,47.729819,-104.152406,1950,2016,8,29,84.02,70.553,24.133
Sidney,47.729819,-104.152406,1950,2016,9,5,70.199,61.064,26.018
Sidney,47.729819,-104.152406,1950,2016,9,12,68.504,59.959,20.901
Sidney,47.729819,-104.152406,1950,2016,9,19,62.217,57.283,23.692
Sidney,47.729819,-104.152406,1950,2016,9,26,75.1,58.742,18.052
Sidney,47.729819,-104.152406,1950,2016,10,3,53.435,50.488,25.475
Sidney,47.729819,-104.152406,1950,2016,10,10,56.736,46.794,22.787
Sidney,47.729819,-104.152406,1950,2016,10,17,55.446,46.492,19.937
Sidney,47.729819,-104.152406,1950,2016,10,24,56.862,46.451,15.194
Sidney,47.729819,-104.152406,1950,2016,10,31,63.263,45.376,19.672
Sidney,47.729819,-104.152406,1950,2016,11,7,60.895,43.827,19.47
Sidney,47.729819,-104.152406,1950,2016,11,14,46.122,41.295,21.229
Stephen,48.45675,-96.853953,1072,2016,8,1,80.582,71.824,22.089
Stephen,48.45675,-96.853953,1072,2016,8,8,79.867,72.887,20.207
Stephen,48.45675,-96.853953,1072,2016,8,15,79.543,72.37,19.546
Stephen,48.45675,-96.853953,1072,2016,8,22,78.101,68.722,21.59
Stephen,48.45675,-96.853953,1072,2016,8,29,77.116,68.42,21.875
Stephen,48.45675,-96.853953,1072,2016,9,5,70.852,62.522,19.131
Stephen,48.45675,-96.853953,1072,2016,9,12,66.611,59.044,21.815
Stephen,48.45675,-96.853953,1072,2016,9,19,71.302,59.077,24.556
Stephen,48.45675,-96.853953,1072,2016,9,26,65.657,54.665,19.107
Stephen,48.45675,-96.853953,1072,2016,10,3,57.051,50.975,24.622
Stephen,48.45675,-96.853953,1072,2016,10,10,54.753,46.546,22.743
Stephen,48.45675,-96.853953,1072,2016,10,17,51.789,44.797,18.936
Stephen,48.45675,-96.853953,1072,2016,10,24,49.936,44.371,20.571
Stephen,48.45675,-96.853953,1072,2016,10,31,56.945,44.936,18.37
Stephen,48.45675,-96.853953,1072,2016,11,7,57.036,43.721,24.858
Stephen,48.45675,-96.853953,1072,2016,11,14,41.328,38.363,25.248
Streeter,46.715063,-99.450434,1992,2016,8,1,81.271,76.764,20.811
Streeter,46.715063,-99.450434,1992,2016,8,8,79.592,73.374,23.669
Streeter,46.715063,-99.450434,1992,2016,8,15,75.812,70.944,22.491
Streeter,46.715063,-99.450434,1992,2016,8,22,76.439,68.453,23.482
Streeter,46.715063,-99.450434,1992,2016,8,29,77.247,68.666,24.022
Streeter,46.715063,-99.450434,1992,2016,9,5,68.453,60.766,19.959
Streeter,46.715063,-99.450434,1992,2016,9,12,65.999,58.805,20.686
Streeter,46.715063,-99.450434,1992,2016,9,19,68.087,58.756,27.135
Streeter,46.715063,-99.450434,1992,2016,9,26,67.367,54.479,22.7
Streeter,46.715063,-99.450434,1992,2016,10,3,54.674,50.419,30.186
Streeter,46.715063,-99.450434,1992,2016,10,10,57.095,47.309,22.347
Streeter,46.715063,-99.450434,1992,2016,10,17,55.988,47.468,22.8
Streeter,46.715063,-99.450434,1992,2016,10,24,53.275,46.638,19.643
Streeter,46.715063,-99.450434,1992,2016,10,31,65.534,46.127,19.695
Streeter,46.715063,-99.450434,1992,2016,11,7,58.661,43.445,22.061
Streeter,46.715063,-99.450434,1992,2016,11,14,42.858,38.879,23.595
St. Thomas,48.601,-97.493,865,2016,8,1,80.075,71.63,20.14
St. Thomas,48.601,-97.493,865,2016,8,8,79.43,71.789,19.747
St. Thomas,48.601,-97.493,865,2016,8,15,79.538,70.912,17.825
St. Thomas,48.601,-97.493,865,2016,8,22,77.666,68.672,22.401
St. Thomas,48.601,-97.493,865,2016,8,29,77.669,69.65,21.558
St. Thomas,48.601,-97.493,865,2016,9,5,71.433,62.978,19.009
St. Thomas,48.601,-97.493,865,2016,9,12,67.172,58.13,21.334
St. Thomas,48.601,-97.493,865,2016,9,19,70.127,58.33,23.907
St. Thomas,48.601,-97.493,865,2016,9,26,66.154,55.112,20.036
St. Thomas,48.601,-97.493,865,2016,10,3,55.982,50.95,27.057
St. Thomas,48.601,-97.493,865,2016,10,10,52.692,46.004,21.094
St. Thomas,48.601,-97.493,865,2016,10,17,52.254,45.159,20.762
St. Thomas,48.601,-97.493,865,2016,10,24,50.258,44.421,21.752
St. Thomas,48.601,-97.493,865,2016,10,31,54.531,44.07,15.728
St. Thomas,48.601,-97.493,865,2016,11,7,59.327,44.071,24.162
St. Thomas,48.601,-97.493,865,2016,11,14,42.963,38.817,25.603
Tappen,46.881,-99.58,1815,2016,8,1,83.92,79.039,21.601
Tappen,46.881,-99.58,1815,2016,8,8,81.359,76.594,23.243
Tappen,46.881,-99.58,1815,2016,8,15,77.928,75.108,20.461
Tappen,46.881,-99.58,1815,2016,8,22,78.504,72.257,23.561
Tappen,46.881,-99.58,1815,2016,8,29,79.533,73.362,24.214
Tappen,46.881,-99.58,1815,2016,9,5,69.221,62.695,21.734
Tappen,46.881,-99.58,1815,2016,9,12,66.74,61.718,21.008
Tappen,46.881,-99.58,1815,2016,9,19,68.918,61.743,27.992
Tappen,46.881,-99.58,1815,2016,9,26,68.198,58.294,21.339
Tappen,46.881,-99.58,1815,2016,10,3,55.19,51.902,29.919
Tappen,46.881,-99.58,1815,2016,10,10,57.032,49.405,22.435
Tappen,46.881,-99.58,1815,2016,10,17,56.83,48.887,22.619
Tappen,46.881,-99.58,1815,2016,10,24,52.743,47.269,20.98
Tappen,46.881,-99.58,1815,2016,10,31,64.711,47.886,19.563
Tappen,46.881,-99.58,1815,2016,11,7,59.021,45.176,23.376
Tappen,46.881,-99.58,1815,2016,11,14,43.504,39.875,24.345
Turtle Lake,47.568,-100.915,1927,2016,8,1,85.226,81.767,24.403
Turtle Lake,47.568,-100.915,1927,2016,8,8,83.128,77.841,26.984
Turtle Lake,47.568,-100.915,1927,2016,8,15,81.155,75.675,22.477
Turtle Lake,47.568,-100.915,1927,2016,8,22,80.119,71.758,24.63
Turtle Lake,47.568,-100.915,1927,2016,8,29,80.055,72.776,25.965
Turtle Lake,47.568,-100.915,1927,2016,9,5,69.682,60.201,21.583
Turtle Lake,47.568,-100.915,1927,2016,9,12,67.151,59.215,22.209
Turtle Lake,47.568,-100.915,1927,2016,9,19,67.864,59.277,28.129
Turtle Lake,47.568,-100.915,1927,2016,9,26,71.394,57.555,18.936
Turtle Lake,47.568,-100.915,1927,2016,10,3,53.413,47.69,29.344
Turtle Lake,47.568,-100.915,1927,2016,10,10,54.761,45.07,23.564
Turtle Lake,47.568,-100.915,1927,2016,10,17,55.39,46.717,23.427
Turtle Lake,47.568,-100.915,1927,2016,10,24,54.026,45.857,21.202
Turtle Lake,47.568,-100.915,1927,2016,10,31,63.36,45.621,18.818
Turtle Lake,47.568,-100.915,1927,2016,11,7,59.885,43.218,26.253
Turtle Lake,47.568,-100.915,1927,2016,11,14,43.914,37.462,25.427
Ulen,47.050473,-96.108432,1221,2016,8,1,81.137,77.115,17.345
Ulen,47.050473,-96.108432,1221,2016,8,8,79.268,74.435,18.555
Ulen,47.050473,-96.108432,1221,2016,8,15,76.272,71.604,14.427
Ulen,47.050473,-96.108432,1221,2016,8,22,76.419,71.263,20.163
Ulen,47.050473,-96.108432,1221,2016,8,29,76.915,70.214,17.788
Ulen,47.050473,-96.108432,1221,2016,9,5,72.629,67.113,16.024
Ulen,47.050473,-96.108432,1221,2016,9,12,67.535,62.804,15.843
Ulen,47.050473,-96.108432,1221,2016,9,19,69.97,60.652,21.158
Ulen,47.050473,-96.108432,1221,2016,9,26,66.524,56.933,17.328
Ulen,47.050473,-96.108432,1221,2016,10,3,57.304,53.361,24.045
Ulen,47.050473,-96.108432,1221,2016,10,10,60.496,50.26,19.97
Ulen,47.050473,-96.108432,1221,2016,10,17,52.864,46.701,13.38
Ulen,47.050473,-96.108432,1221,2016,10,24,51.352,46.545,20.539
Ulen,47.050473,-96.108432,1221,2016,10,31,62.183,46.419,17.061
Ulen,47.050473,-96.108432,1221,2016,11,7,58.252,44.149,20.23
Ulen,47.050473,-96.108432,1221,2016,11,14,41.695,40.824,24.088
Wahpeton,46.355,-96.666,969,2016,8,1,83.069,77.365,21.038
Wahpeton,46.355,-96.666,969,2016,8,8,82.271,75.456,18.875
Wahpeton,46.355,-96.666,969,2016,8,15,77.813,72.629,15.383
Wahpeton,46.355,-96.666,969,2016,8,22,79.147,70.268,20.29
Wahpeton,46.355,-96.666,969,2016,8,29,81.657,71.73,19.173
Wahpeton,46.355,-96.666,969,2016,9,5,75.691,66.137,16.336
Wahpeton,46.355,-96.666,969,2016,9,12,70.919,61.881,16.099
Wahpeton,46.355,-96.666,969,2016,9,19,73.104,61.928,21.205
Wahpeton,46.355,-96.666,969,2016,9,26,70.803,57.19,20.719
Wahpeton,46.355,-96.666,969,2016,10,3,58.459,52.28,28.959
Wahpeton,46.355,-96.666,969,2016,10,10,61.773,49.782,24.246
Wahpeton,46.355,-96.666,969,2016,10,17,55.784,47.257,20.255
Wahpeton,46.355,-96.666,969,2016,10,24,51.5,46.419,23.83
Wahpeton,46.355,-96.666,969,2016,10,31,64.706,46.445,18.016
Wahpeton,46.355,-96.666,969,2016,11,7,60.484,43.912,20.847
Wahpeton,46.355,-96.666,969,2016,11,14,41.897,40.171,28.183
Warren,48.137,-96.839,854,2016,8,1,82.912,70.151,21.43
Warren,48.137,-96.839,854,2016,8,8,81.557,69.238,19.505
Warren,48.137,-96.839,854,2016,8,15,80.713,66.819,20.301
Warren,48.137,-96.839,854,2016,8,22,79.404,64.339,25.571
Warren,48.137,-96.839,854,2016,8,29,78.674,66.171,21.975
Warren,48.137,-96.839,854,2016,9,5,71.273,62.431,20.654
Warren,48.137,-96.839,854,2016,9,12,66.863,58.065,18.833
Warren,48.137,-96.839,854,2016,9,19,70.78,59.165,23.658
Warren,48.137,-96.839,854,2016,9,26,66.727,54.895,20.354
Warren,48.137,-96.839,854,2016,10,3,57.31,51.223,28.728
Warren,48.137,-96.839,854,2016,10,10,55.971,46.889,24.077
Warren,48.137,-96.839,854,2016,10,17,52.892,45.602,20.389
Warren,48.137,-96.839,854,2016,10,24,50.177,44.854,21.099
Warren,48.137,-96.839,854,2016,10,31,58.586,44.549,17.485
Warren,48.137,-96.839,854,2016,11,7,57.917,42.915,24.419
Warren,48.137,-96.839,854,2016,11,14,42.342,39.02,26.422
Watford City,47.81042,-103.23217,2141,2016,8,1,87.563,79.598,29.544
Watford City,47.81042,-103.23217,2141,2016,8,8,85.069,77.066,29.491
Watford City,47.81042,-103.23217,2141,2016,8,15,84.388,77.11,21.583
Watford City,47.81042,-103.23217,2141,2016,8,22,81.515,73.519,27.725
Watford City,47.81042,-103.23217,2141,2016,8,29,81.837,74.119,28.052
Watford City,47.81042,-103.23217,2141,2016,9,5,71.122,61.424,26.22
Watford City,47.81042,-103.23217,2141,2016,9,12,69.108,61.521,23.139
Watford City,47.81042,-103.23217,2141,2016,9,19,63.135,58.191,27.827
Watford City,47.81042,-103.23217,2141,2016,9,26,74.333,59.454,19.909
Watford City,47.81042,-103.23217,2141,2016,10,3,51.347,48.715,30.966
Watford City,47.81042,-103.23217,2141,2016,10,10,55.891,46.895,25.481
Watford City,47.81042,-103.23217,2141,2016,10,17,54.768,47.066,21.059
Watford City,47.81042,-103.23217,2141,2016,10,24,56.038,47.738,20.263
Watford City,47.81042,-103.23217,2141,2016,10,31,63.559,45.551,18.593
Watford City,47.81042,-103.23217,2141,2016,11,7,59.651,43.81,21.081
Watford City,47.81042,-103.23217,2141,2016,11,14,44.262,39.742,22.326
Waukon,47.325859,-96.132504,1165,2016,8,1,82.382,74.217,21.292
Waukon,47.325859,-96.132504,1165,2016,8,8,79.206,72.289,18.882
Waukon,47.325859,-96.132504,1165,2016,8,15,76.46,69.767,19.372
Waukon,47.325859,-96.132504,1165,2016,8,22,76.655,68.297,26.143
Waukon,47.325859,-96.132504,1165,2016,8,29,76.059,67.176,19.673
Waukon,47.325859,-96.132504,1165,2016,9,5,71.338,64.187,18.181
Waukon,47.325859,-96.132504,1165,2016,9,12,66.347,59.79,18.625
Waukon,47.325859,-96.132504,1165,2016,9,19,69.692,59.419,24.944
Waukon,47.325859,-96.132504,1165,2016,9,26,65.336,55.374,20.161
Waukon,47.325859,-96.132504,1165,2016,10,3,56.839,50.718,25.7
Waukon,47.325859,-96.132504,1165,2016,10,10,59.294,48.513,22.432
Waukon,47.325859,-96.132504,1165,2016,10,17,51.473,45.686,17.039
Waukon,47.325859,-96.132504,1165,2016,10,24,51.239,45.917,20.619
Waukon,47.325859,-96.132504,1165,2016,10,31,62.199,46.503,18.596
Waukon,47.325859,-96.132504,1165,2016,11,7,57.521,44.897,22.428
Waukon,47.325859,-96.132504,1165,2016,11,14,42.102,39.65,24.045
Williams,48.858454,-94.980897,1093,2016,8,8,77.741,72.417,17.681
Williams,48.858454,-94.980897,1093,2016,8,15,76.506,72.124,17.006
Williams,48.858454,-94.980897,1093,2016,8,22,74.578,69.395,19.545
Williams,48.858454,-94.980897,1093,2016,8,29,74.297,66.534,17.677
Williams,48.858454,-94.980897,1093,2016,9,5,69.26,62.84,17.209
Williams,48.858454,-94.980897,1093,2016,9,12,65.218,59.221,18.211
Williams,48.858454,-94.980897,1093,2016,9,19,66.449,59.424,24.383
Williams,48.858454,-94.980897,1093,2016,9,26,61.409,54.428,19.353
Williams,48.858454,-94.980897,1093,2016,10,3,56.549,51.364,26.08
Williams,48.858454,-94.980897,1093,2016,10,10,53.12,46.668,22.328
Williams,48.858454,-94.980897,1093,2016,10,17,48.648,44.344,19.981
Williams,48.858454,-94.980897,1093,2016,10,24,48.98,43.157,18.262
Williams,48.858454,-94.980897,1093,2016,10,31,54.633,43.587,18.65
Williams,48.858454,-94.980897,1093,2016,11,7,56.774,44.637,24.418
Williams,48.858454,-94.980897,1093,2016,11,14,39.561,37.918,23.132
Williston,48.133,-103.739,2132,2016,8,1,86.919,78.014,23.117
Williston,48.133,-103.739,2132,2016,8,8,84.053,74.626,22.871
Williston,48.133,-103.739,2132,2016,8,15,83.735,74.294,21.741
Williston,48.133,-103.739,2132,2016,8,22,81.101,71.076,22.479
Williston,48.133,-103.739,2132,2016,8,29,83.413,72.871,26.371
Williston,48.133,-103.739,2132,2016,9,5,70.764,59.792,22.293
Williston,48.133,-103.739,2132,2016,9,12,69.296,59.23,20.696
Williston,48.133,-103.739,2132,2016,9,19,62.711,56.273,24.374
Williston,48.133,-103.739,2132,2016,9,26,74.578,58.902,17.069
Williston,48.133,-103.739,2132,2016,10,3,51.452,47.464,24.886
Williston,48.133,-103.739,2132,2016,10,10,54.889,45.521,21.368
Williston,48.133,-103.739,2132,2016,10,17,54.312,46.16,16.781
Williston,48.133,-103.739,2132,2016,10,24,55.859,46.902,18.519
Williston,48.133,-103.739,2132,2016,10,31,61.245,43.909,18.424
Williston,48.133,-103.739,2132,2016,11,7,58.432,43.296,19.789
Williston,48.133,-103.739,2132,2016,11,14,44.503,39.226,20.463
Wishek,46.26,-99.666,2219,2016,8,1,81.51,77.201,22.308
Wishek,46.26,-99.666,2219,2016,8,8,81.703,74.005,28.678
Wishek,46.26,-99.666,2219,2016,8,15,76.486,71.279,21.624
Wishek,46.26,-99.666,2219,2016,8,22,77.404,69.616,22.42
Wishek,46.26,-99.666,2219,2016,8,29,77.671,68.803,26.28
Wishek,46.26,-99.666,2219,2016,9,5,68.347,60.413,19.992
Wishek,46.26,-99.666,2219,2016,9,12,66.318,59.012,22.146
Wishek,46.26,-99.666,2219,2016,9,19,68.188,59.328,30.288
Wishek,46.26,-99.666,2219,2016,9,26,67.879,56.408,24.239
Wishek,46.26,-99.666,2219,2016,10,3,55.372,51.22,30.735
Wishek,46.26,-99.666,2219,2016,10,10,57.456,48.175,24.64
Wishek,46.26,-99.666,2219,2016,10,17,55.341,46.161,23.373
Wishek,46.26,-99.666,2219,2016,10,24,53.908,47.031,21.596
Wishek,46.26,-99.666,2219,2016,10,31,65.11,46.888,21.602
Wishek,46.26,-99.666,2219,2016,11,7,57.75,43.613,23.987
Wishek,46.26,-99.666,2219,2016,11,14,41.175,38.401,27.309
